user_id,org_id,first_name,last_name,email,is_first_user,created_at
100000001,100000001,Emmett,Lam,emmett.lam@aidatumco.com,TRUE,2024-04-05T06:44:49Z
100000002,100000002,Makayla,Patel,makayla.patel@datalyticspros.com,TRUE,2024-04-05T18:59:43Z
100000003,100000003,Muhammad,Singh,muhammad.singh@infinitiinsightsco.com,TRUE,2024-04-05T15:52:40Z
100000004,100000004,Jack,Feng,jackf@datadigmgroup.com,TRUE,2024-04-05T09:59:22Z
100000005,100000003,Layla,Huang,layla.huang@infinitiinsightsco.com,FALSE,2024-04-05T17:44:58Z
100000006,100000004,Hudson,Tang,hudson.tang@datadigmgroup.com,FALSE,2024-04-05T22:39:23Z
100000007,100000004,Mila,Wright,mila.wright@datadigmgroup.com,FALSE,2024-04-05T12:09:25Z
100000008,100000005,Levi,Price,levi.price@dataminds.net,TRUE,2024-04-06T01:08:43Z
100000009,100000006,Grayson,Wong,graysonwong@aiscape.biz,TRUE,2024-04-06T13:29:16Z
100000010,100000007,Jackson,Gomez,jackson.gomez@datamindlabs.com,TRUE,2024-04-06T18:47:33Z
100000011,100000003,Samuel,Hernandez,samuel.hernandez@infinitiinsightsco.com,FALSE,2024-04-06T20:58:20Z
100000012,100000002,Lily,Zhou,lily.zhou@datalyticspros.com,FALSE,2024-04-06T19:54:03Z
100000013,100000008,Logan,Hernandez,loganh@datadrivenlabs.com,TRUE,2024-04-07T16:36:17Z
100000014,100000009,Alice,Smith,alice.smith@datainsightsolutions.com,TRUE,2024-04-07T03:09:10Z
100000015,100000010,Sebastian,White,sebastian.white@aialytics.io,TRUE,2024-04-08T00:11:05Z
100000016,100000006,Zara,Reyes,zara.reyes@aiscape.biz,FALSE,2024-04-07T19:08:17Z
100000017,100000003,Logan,Ayers,logan.ayers@infinitiinsightsco.com,FALSE,2024-04-07T04:11:28Z
100000018,100000011,Aaron,Hughes,aaron.hughes@techalgosolutions.com,TRUE,2024-04-08T22:06:39Z
100000019,100000012,Jacob,Ramirez,jacob.ramirez@braindatagroup.com,TRUE,2024-04-08T16:00:20Z
100000020,100000013,Aiden,Vora,aiden.vora@dataviseinc.com,TRUE,2024-04-08T07:28:30Z
100000021,100000008,Mason,Williams,mason.williams@datadrivenlabs.com,FALSE,2024-04-08T06:28:38Z
100000022,100000008,Ethan,Lee,ethan.lee@datadrivenlabs.com,FALSE,2024-04-08T03:24:22Z
100000023,100000014,Jack,Gallagher,j.gallagher@intelliinsights.ai,TRUE,2024-04-09T21:01:18Z
100000024,100000015,Jack,Perez,jackp@dataloom.net,TRUE,2024-04-09T02:35:20Z
100000025,100000016,Gabriel,Patel,gabriel.patel@techdevgroup.com,TRUE,2024-04-09T01:46:21Z
100000026,100000017,Aria,Parker,aria.parker@techmindinc.com,TRUE,2024-04-09T15:19:03Z
100000027,100000006,Ethan,Wu,ethan.wu@aiscape.biz,FALSE,2024-04-09T03:06:58Z
100000028,100000007,Levi,Ng,levi.ng@datamindlabs.com,FALSE,2024-04-09T02:46:05Z
100000029,100000018,Liam,Patil,liam.patil@logicodesigns.com,TRUE,2024-04-10T08:04:40Z
100000030,100000019,Ariana,Mendoza,ariana.mendoza@datalucidlabs.com,TRUE,2024-04-10T02:49:05Z
100000031,100000020,James,Wang,james.wang@techknowlogix.com,TRUE,2024-04-10T05:42:55Z
100000032,100000021,James,Harris,james.harris@algozon.ai,TRUE,2024-04-10T08:28:33Z
100000033,100000013,Aaron,Choudhury,aaron.choudhury@dataviseinc.com,FALSE,2024-04-10T14:24:09Z
100000034,100000005,Avery,York,avery.york@dataminds.net,FALSE,2024-04-10T02:10:16Z
100000035,100000022,Dominic,Song,dominic.song@datarevolvesolutions.com,TRUE,2024-04-11T01:13:18Z
100000036,100000023,Elena,Garcia,elena.garcia@techfusionconsulting.com,TRUE,2024-04-11T12:25:52Z
100000037,100000024,Aiden,Parker,aidenp@digitaldataexperts.com,TRUE,2024-04-11T20:00:06Z
100000038,100000025,Ivy,Li,ivy.li@nexanalytics.net,TRUE,2024-04-11T13:21:04Z
100000039,100000026,Nova,Chen,novac@datascapeai.com,TRUE,2024-04-11T04:53:10Z
100000040,100000012,James,Martinez,james.martinez@braindatagroup.com,FALSE,2024-04-11T20:58:12Z
100000041,100000019,Nora,Tran,nora.tran@datalucidlabs.com,FALSE,2024-04-11T14:19:58Z
100000042,100000027,Mila,Sinha,mila.sinha@cyberforge.com,TRUE,2024-04-12T23:41:29Z
100000043,100000028,Roman,Takahashi,roman.takahashi@datagranulex.com,TRUE,2024-04-12T07:36:07Z
100000044,100000029,Amelia,Gupta,amelia.gupta@datalytics.com,TRUE,2024-04-13T00:12:02Z
100000045,100000023,Noah,Wang,noah.wang@techfusionconsulting.com,FALSE,2024-04-12T01:53:02Z
100000046,100000030,Hazel,Innovate,hazel.innovate@innovatetechlabs.com,TRUE,2024-04-13T20:46:54Z
100000047,100000031,Maya,Zhao,maya.zhao@indatafusion.co,TRUE,2024-04-13T23:45:15Z
100000048,100000032,Rachel,Tang,rachel.tang@techfusion.co,TRUE,2024-04-13T21:43:03Z
100000049,100000033,Violet,Perez,violet.perez@datalabsco.com,TRUE,2024-04-13T13:30:39Z
100000050,100000012,Milo,West,milo.west@braindatagroup.com,FALSE,2024-04-13T02:20:24Z
100000051,100000019,Ben,Khatri,ben.khatri@datalucidlabs.com,FALSE,2024-04-13T11:22:17Z
100000052,100000034,Gabriel,Ortega,gabriel_ortega@datamindgrp.com,TRUE,2024-04-14T02:25:50Z
100000053,100000035,Kylie,Ward,kylieward@smartanalystlabs.com,TRUE,2024-04-14T19:33:50Z
100000054,100000036,Eva,Chen,eva.chen@datavirtuosos.com,TRUE,2024-04-14T08:31:21Z
100000055,100000037,Gabriel,Ward,gabriel.ward@datasenseia.com,TRUE,2024-04-14T15:20:27Z
100000056,100000009,Noah,Damle,noah.damle@datainsightsolutions.com,FALSE,2024-04-14T10:00:50Z
100000057,100000009,Henry,Rodriguez,henry.rodriguez@datainsightsolutions.com,FALSE,2024-04-14T18:09:29Z
100000058,100000038,Benjamin,Tran,ben.tran@datasolv.com,TRUE,2024-04-15T21:40:36Z
100000059,100000039,Riley,Reyes,riley.reyes@datavisionlabs.com,TRUE,2024-04-15T21:34:29Z
100000060,100000040,Savannah,Chen,savannahchen@techvistix.ai,TRUE,2024-04-15T03:01:01Z
100000061,100000041,Harper,Chung,harper.chung@brainwaveinsight.com,TRUE,2024-04-15T01:08:29Z
100000062,100000021,Natalie,Patel,natalie.patel@algozon.ai,FALSE,2024-04-15T19:45:14Z
100000063,100000008,Noah,Lam,noah.lam@datadrivenlabs.com,FALSE,2024-04-15T09:44:25Z
100000069,100000013,Camila,Lin,camila.lin$dataviseinc.com,FALSE,2024-04-16T19:28:34Z
100000064,100000042,Anna,Wu,anna.wu@dataquesttechs.com,TRUE,2024-04-16T16:49:12Z
100000065,100000043,Ariana,Hawkins,ariana.hawkins@futuretechlabs.com,TRUE,2024-04-16T19:12:04Z
100000066,100000044,Evelyn,Sanchez,evelyn.sanchez@datagenie.com,TRUE,2024-04-17T00:17:37Z
100000067,100000045,Oliver,Evans,oevans@datamagic.com,TRUE,2024-04-16T17:27:26Z
100000068,100000013,Mateo,Parker,mateo.parker@dataviseinc.com,FALSE,2024-04-16T10:30:56Z
100000070,100000046,Ethan,Miller,ethan.miller@analyticssol.com,TRUE,2024-04-17T20:08:44Z
100000071,100000047,Luna,Damle,luna.damle@algorhythmix.io,TRUE,2024-04-17T14:09:38Z
100000072,100000048,Dylan,Perry,dylan.perry@dataventures.net,TRUE,2024-04-17T13:53:49Z
100000073,100000049,Elijah,Wright,elijah.wright@globaldatainsights.com,TRUE,2024-04-17T17:05:33Z
100000074,100000037,Liam,Brown,liam.brown@datasenseia.com,FALSE,2024-04-17T04:23:35Z
100000075,100000019,Hannah,Liu,hannah.liu@datalucidlabs.com,FALSE,2024-04-17T23:56:54Z
100000076,100000050,Kai,Nguyen,kainguyen@datasciencedynamics.co,TRUE,2024-04-18T17:54:20Z
100000077,100000051,Mila,Nguyen,milanguyen@datasciencetechies.com,TRUE,2024-04-18T16:38:31Z
100000078,100000052,Andrew,Bell,andrew.bell@datavisionaire.com,TRUE,2024-04-18T13:20:14Z
100000079,100000053,Tony,Ho,tho@datatechinsights.com,TRUE,2024-04-18T12:32:25Z
100000080,100000011,Elliot,Nelson,elliot.nelson@techalgosolutions.com,FALSE,2024-04-18T00:53:39Z
100000081,100000046,Rowan,Cruz,rowan.cruz@analyticssol.com,FALSE,2024-04-18T11:30:25Z
100000082,100000054,Luna,Zhang,luna.zhang@intellidata.org,TRUE,2024-04-19T12:05:09Z
100000083,100000055,David,Alexander,david.alexander@roboticssolutionsinc.com,TRUE,2024-04-19T10:17:59Z
100000084,100000056,James,Nguyen,j.nguyen@techbrightai.com,TRUE,2024-04-19T11:17:16Z
100000085,100000057,Xander,Wu,xwu@analyticinsightsco.com,TRUE,2024-04-19T23:32:34Z
100000086,100000038,Harper,Wu,harper.wu@datasolv.com,FALSE,2024-04-19T19:51:20Z
100000087,100000053,Wyatt,Cunningham,wyatt.cunningham@datatechinsights.com,FALSE,2024-04-19T16:55:27Z
100000088,100000058,Naomi,Chavez,naomi.chavez@datasenseinsight.com,TRUE,2024-04-20T00:18:41Z
100000089,100000059,Adam,Harrison,adam.harrison@techenabledinsights.com,TRUE,2024-04-20T20:51:15Z
100000090,100000060,Jack,Bhatia,jbhatia@datavisionary.io,TRUE,2024-04-20T10:44:45Z
100000091,100000061,Amelia,Chang,amelia.chang@techwizsolutions.com,TRUE,2024-04-20T13:00:00Z
100000092,100000062,James,Taylor,james.taylor@intelliscope.biz,TRUE,2024-04-20T02:43:40Z
100000093,100000033,Sawyer,Gupta,sawyer.gupta@datalabsco.com,FALSE,2024-04-20T13:21:22Z
100000094,100000023,Olivia,Kim,olivia.kim@techfusionconsulting.com,FALSE,2024-04-20T04:44:33Z
100000095,100000063,David,Garcia,david.garcia@techmind.io,TRUE,2024-04-21T15:36:39Z
100000096,100000064,Scarlett,Gomez,scarlett.gomez@datamindset.org,TRUE,2024-04-21T20:33:10Z
100000097,100000065,Jasmine,Kong,jasmine.kong@insightecho.com,TRUE,2024-04-21T03:54:29Z
100000098,100000066,Amelia,Zhao,amelia.zhao@quantifytechgroup.com,TRUE,2024-04-21T08:03:04Z
100000099,100000018,William,Murray,william.murray@logicodesigns.com,FALSE,2024-04-21T21:06:31Z
100000100,100000012,Ethan,Holland,ethan.holland@braindatagroup.com,FALSE,2024-04-21T11:02:33Z
100000101,100000067,Eva,Chen,eva.chen@techspark.ai,TRUE,2024-04-22T11:02:24Z
100000102,100000068,Scarlett,Ali,scarlett.ali@databotixsolutions.com,TRUE,2024-04-22T04:49:08Z
100000103,100000069,Michael,Chen,michael.chen@datadiscoverysol.com,TRUE,2024-04-22T10:37:20Z
100000104,100000070,Ethan,Garcia,ethan.garcia@aiinsightsolutions.com,TRUE,2024-04-22T20:23:16Z
100000105,100000012,Hudson,Cruz,hudson.cruz@braindatagroup.com,FALSE,2024-04-22T16:22:01Z
100000106,100000061,Victoria,Tang,victoria.tang@techwizsolutions.com,FALSE,2024-04-22T06:12:36Z
100000107,100000071,Kai,Bao,kai.bao@algorithmxco.com,TRUE,2024-04-23T18:51:33Z
100000108,100000072,Skylar,Wu,skylar.wu@techanalyzeinc.com,TRUE,2024-04-23T05:01:09Z
100000109,100000073,Isabella,Chang,isabella.chang@diveintoai.com,TRUE,2024-04-23T08:45:02Z
100000110,100000043,Isabella,Wong,isabella.wong@futuretechlabs.com,FALSE,2024-04-23T19:17:15Z
100000111,100000031,Jake,Brown,jake.brown@indatafusion.co,FALSE,2024-04-23T01:56:53Z
100000112,100000074,Connor,Reed,connor.reed$datamind.io,TRUE,2024-04-24T00:44:20Z
100000113,100000075,Amelia,Harris,amelia.harris@datavantage.io,TRUE,2024-04-24T13:41:08Z
100000114,100000076,Aaron,Peterson,aaron.peterson@aihub.pro,TRUE,2024-04-24T13:32:48Z
100000115,100000077,Julius,Yu,julius.yu@smartdataconcepts.com,TRUE,2024-04-24T03:45:02Z
100000116,100000078,Aria,Nguyen,aria.n@dataanalyticsolutions.com,TRUE,2024-04-24T04:56:55Z
100000117,100000071,Natalie,Nguyen,natalie.nguyen@algorithmxco.com,FALSE,2024-04-24T03:51:08Z
100000118,100000032,Carter,King,carter.king@techfusion.co,FALSE,2024-04-24T08:12:38Z
100000119,100000079,Elliot,Wu,elliot.wu@datariseai.com,TRUE,2024-04-25T20:51:10Z
100000120,100000080,Luca,Gomez,luca.gomez@impactascend.com,TRUE,2024-04-25T08:13:34Z
100000121,100000081,Victoria,Wong,victoria.wong@bigdatacomerce.ai,TRUE,2024-04-25T08:18:16Z
100000122,100000082,Abigail,Rodriguez,abigail.rodriguez@sparkanalytica.com,TRUE,2024-04-25T09:36:46Z
100000123,100000073,Taylor,Ng,taylor.ng@diveintoai.com,FALSE,2024-04-25T11:42:02Z
100000124,100000004,Hazel,Li,hazel.li@datadigmgroup.com,FALSE,2024-04-25T08:01:43Z
100000125,100000083,Alia,Singh,alia.singh@analyticcloudsolutions.org,TRUE,2024-04-26T20:38:08Z
100000126,100000084,Nora,Chao,nora.chao@techinogen.com,TRUE,2024-04-26T06:40:11Z
100000127,100000085,Aurora,Kumar,aurora.kumar@bigdatabrain.com,TRUE,2024-04-26T01:50:52Z
100000128,100000086,Amelia,Roy,aroy@brainstormai.io,TRUE,2024-04-26T23:35:30Z
100000129,100000002,Logan,Nguyen,logan.nguyen@datalyticspros.com,FALSE,2024-04-26T13:34:14Z
100000130,100000015,Alexander,Nguyen,alexander.nguyen@dataloom.net,FALSE,2024-04-26T06:07:17Z
100000131,100000087,Zoe,Coleman,zoe.coleman@techlinker.co,TRUE,2024-04-27T01:43:39Z
100000132,100000088,William,Johnson,william.johnson@datascendo.com,TRUE,2024-04-27T06:51:59Z
100000133,100000089,Gabriel,Sanders,gabriel.sanders@techinsightify.tech,TRUE,2024-04-27T18:42:37Z
100000134,100000032,William,Fisher,william.fisher@techfusion.co,FALSE,2024-04-27T08:34:29Z
100000135,100000010,Claire,Phan,claire.phan@aialytics.io,FALSE,2024-04-27T09:20:21Z
100000136,100000090,Noah,Sarin,noah.sarin@techmetricia.com,TRUE,2024-04-28T17:28:40Z
100000137,100000091,Phoenix,Winters,phoenix.winters@datavisions.biz,TRUE,2024-04-28T11:15:15Z
100000138,100000092,Harrison,Tian,harrison.tian@analyzegroup.com,TRUE,2024-04-28T18:45:43Z
100000139,100000026,Carter,Sharma,carter.sharma@datascapeai.com,FALSE,2024-04-28T21:26:11Z
100000140,100000071,Riley,Peterson,riley.peterson@algorithmxco.com,FALSE,2024-04-28T22:05:14Z
100000141,100000093,Victoria,Kaur,vkaur@techdatalabs.com,TRUE,2024-04-29T07:01:35Z
100000142,100000094,Avery,Tran,avery.tran@virtualdatagurus.com,TRUE,2024-04-29T15:24:20Z
100000143,100000095,Grayson,Chen,grayson.chen@datasolutionsgroup.com,TRUE,2024-04-29T08:34:43Z
100000144,100000096,Max,Murray,max.murray@insightedgeio.com,TRUE,2024-04-29T01:44:58Z
100000145,100000078,Evelyn,Wong,evelyn.wong@dataanalyticsolutions.com,FALSE,2024-04-29T06:25:30Z
100000146,100000069,Alexander,Chen,alexander.chen@datadiscoverysol.com,FALSE,2024-04-29T13:03:40Z
100000147,100000097,Ella,Chu,ella.chu@techinnovationscorp.com,TRUE,2024-04-30T20:14:44Z
100000148,100000098,Finn,Owens,finn.owens@techdataexperts.com,TRUE,2024-04-30T07:40:15Z
100000149,100000099,Aurora,Ramsey,auroraramsey@techanalyze.net,TRUE,2024-04-30T13:09:17Z
100000150,100000100,Sara,Ng,sara.nguyen@datavibesinc.com,TRUE,2024-04-30T17:45:39Z
100000151,100000101,Sophia,Nguyen,s.nguyen@machinelearnix.com,TRUE,2024-04-30T10:05:52Z
100000152,100000055,Ava,Wang,ava.wang@roboticssolutionsinc.com,FALSE,2024-04-30T15:04:25Z
100000153,100000095,Maya,Harrison,maya.harrison@datasolutionsgroup.com,FALSE,2024-04-30T07:34:29Z
100000156,100000104,Zara,Gupta,zara.gupta$analytixtechworks.com,TRUE,2024-05-01T03:13:19Z
100000154,100000102,Scarlett,Raj,scarlett.raj@intellisofttechs.com,TRUE,2024-05-01T15:55:55Z
100000155,100000103,Adam,Jones,ajones@bitbrainztech.com,TRUE,2024-05-01T17:43:20Z
100000157,100000105,Isaac,Chao,isaac.chao@algorithmia.tech,TRUE,2024-05-01T08:33:19Z
100000158,100000037,Harper,Hughes,harper.hughes@datasenseia.com,FALSE,2024-05-01T13:53:56Z
100000159,100000036,Gemma,Liu,gemma.liu@datavirtuosos.com,FALSE,2024-05-01T02:47:05Z
100000160,100000106,Alex,Wu,alex.wu@intellisync.com,TRUE,2024-05-02T13:33:05Z
100000161,100000107,Asher,Malhotra,asher.malhotra@datasparkco.com,TRUE,2024-05-02T08:26:31Z
100000162,100000108,James,Moore,james.moore@techaiwise.co,TRUE,2024-05-02T09:23:49Z
100000163,100000109,Victoria,Russell,victoria.russell@techwave.io,TRUE,2024-05-02T10:45:00Z
100000164,100000110,Aaron,Boyd,aaron.boyd@aiinnovatesolutions.com,TRUE,2024-05-02T20:20:55Z
100000165,100000059,Theo,Chen,theo.chen@techenabledinsights.com,FALSE,2024-05-02T23:54:33Z
100000166,100000055,Ella,Kim,ella.kim@roboticssolutionsinc.com,FALSE,2024-05-02T21:18:50Z
100000167,100000111,Ursula,Chu,ursula.chu@intellidatafusion.com,TRUE,2024-05-03T12:44:25Z
100000168,100000112,Madison,Jenkins,jenkinsmadison@datatechgroup.com,TRUE,2024-05-03T21:51:26Z
100000169,100000113,Natalie,Wong,natalie.wong@datamindset.com,TRUE,2024-05-03T23:36:14Z
100000170,100000114,Cameron,Techspace,cameron.techspace@spacedataco.com,TRUE,2024-05-03T11:40:04Z
100000171,100000115,Leah,Reddy,leah.reddy@insightcloudlabs.com,TRUE,2024-05-03T08:06:31Z
100000172,100000054,Hannah,Gupta,hannah.gupta@intellidata.org,FALSE,2024-05-03T17:19:11Z
100000173,100000048,Elijah,Wu,elijah.wu@dataventures.net,FALSE,2024-05-03T15:23:16Z
100000174,100000116,Jack,Ang,jack.ang@cloudscope.co,TRUE,2024-05-04T00:40:51Z
100000175,100000117,Harper,Wu,harper.wu@technodriveai.com,TRUE,2024-05-04T10:23:26Z
100000176,100000118,William,Harris,william.harris@cyberdata.co,TRUE,2024-05-04T04:30:16Z
100000177,100000035,Max,Tyson,max.tyson@smartanalystlabs.com,FALSE,2024-05-04T00:44:35Z
100000178,100000079,Benjamin,Kumar,benjamin.kumar@datariseai.com,FALSE,2024-05-04T09:31:12Z
100000179,100000119,Nathan,Ross,nathan.ross@digivision.co,TRUE,2024-05-05T17:16:32Z
100000180,100000120,Rhys,Lam,rhys.lam@infinivolve.com,TRUE,2024-05-05T19:31:34Z
100000181,100000121,Natalie,Shaw,natalies@dataquestersinc.com,TRUE,2024-05-05T17:54:59Z
100000182,100000122,Landon,Thomas,landon.thomas@analyticinsighttechs.com,TRUE,2024-05-05T00:43:13Z
100000183,100000006,Tyler,Choi,tyler.choi@aiscape.biz,FALSE,2024-05-05T01:00:27Z
100000184,100000105,Henry,Lee,henry.lee@algorithmia.tech,FALSE,2024-05-05T01:45:33Z
100000185,100000123,Isabella,Mendoza,isabella.mendoza@solvera.tech,TRUE,2024-05-06T10:19:20Z
100000186,100000124,Avery,Lee,avery.lee@datadreams.org,TRUE,2024-05-06T05:59:12Z
100000187,100000125,Yuna,Kim,yuna.kim@aiinsightsco.com,TRUE,2024-05-06T01:58:44Z
100000188,100000126,Mila,Jones,mjones@dataforgeco.com,TRUE,2024-05-06T09:23:48Z
100000189,100000127,Aria,Gupta,aria.gupta@dataspark.com,TRUE,2024-05-06T20:02:21Z
100000190,100000033,Jack,Costa,jack.costa@datalabsco.com,FALSE,2024-05-06T15:26:10Z
100000191,100000003,Oliver,Davis,oliver.davis@infinitiinsightsco.com,FALSE,2024-05-06T15:46:30Z
100000192,100000073,Sebastian,Sullivan,sebastian.sullivan@diveintoai.com,FALSE,2024-05-06T04:11:18Z
100000193,100000128,Xander,Tran,xtran@datasciencesolutions.com,TRUE,2024-05-07T22:47:34Z
100000194,100000129,Sofia,Lee,sofia.l@datamaze.ai,TRUE,2024-05-07T19:14:18Z
100000195,100000130,David,Lewis,dlewis@smartdataexperts.com,TRUE,2024-05-07T21:08:27Z
100000196,100000131,Luna,Chen,luna.chen@techdataalgorithmssystems.com,TRUE,2024-05-07T06:01:02Z
100000197,100000124,Nora,Chen,nora.chen@datadreams.org,FALSE,2024-05-07T18:58:02Z
100000198,100000003,Henry,Vargas,henry.vargas@infinitiinsightsco.com,FALSE,2024-05-07T16:51:44Z
100000199,100000132,Mia,Zhang,mia.zhang@codecruncher.com,TRUE,2024-05-08T19:37:53Z
100000200,100000133,Sophie,Lee,sophie.lee@datamine.co,TRUE,2024-05-08T17:19:30Z
100000201,100000134,Max,Patel,maxpatel@virtualintelligenceco.com,TRUE,2024-05-08T05:38:39Z
100000202,100000135,Owen,Chang,owen.chang@analyticworks.com,TRUE,2024-05-08T06:26:52Z
100000203,100000111,Elijah,Pierce,elijah.pierce@intellidatafusion.com,FALSE,2024-05-08T23:26:00Z
100000204,100000113,Emily,Rai,emily.rai@datamindset.com,FALSE,2024-05-08T14:17:55Z
100000208,100000139,Sarah,Li,sarah.li$neuralinktechs.com,TRUE,2024-05-09T09:58:14Z
100000205,100000136,Mila,Shah,mila.shah@anavolve.com,TRUE,2024-05-09T15:26:32Z
100000206,100000137,David,Bennett,david.bennett@techdatagroup.com,TRUE,2024-05-09T03:01:40Z
100000207,100000138,Alexandra,Chang,alexandra.chang@dataviewcorp.com,TRUE,2024-05-09T03:06:07Z
100000209,100000140,Ajax,Hunter,ajaxhunter@datasentinel.com,TRUE,2024-05-09T18:09:30Z
100000210,100000099,Willow,Ramirez,willow.ramirez@techanalyze.net,FALSE,2024-05-09T11:41:13Z
100000211,100000005,Joseph,Gupta,joseph.gupta@dataminds.net,FALSE,2024-05-09T04:35:46Z
100000212,100000141,Emily,Taylor,emily.taylor@databotservices.com,TRUE,2024-05-10T23:22:41Z
100000213,100000142,Gina,Soh,g.soh@techbrainiacsco.com,TRUE,2024-05-10T05:33:55Z
100000214,100000143,Elijah,Yao,elijah.yao@dataminds.com,TRUE,2024-05-10T02:56:17Z
100000215,100000061,Camila,Coleman,camila.coleman@techwizsolutions.com,FALSE,2024-05-10T19:03:36Z
100000216,100000115,Lucas,Martinez,lucas.martinez@insightcloudlabs.com,FALSE,2024-05-10T11:21:03Z
100000217,100000144,Evan,Yu,evan.yu@technox.ai,TRUE,2024-05-11T13:30:55Z
100000218,100000145,Penelope,Chakraborty,p.chakraborty@digiworksinc.com,TRUE,2024-05-11T19:19:41Z
100000219,100000146,Ethan,Morales,ethanmorales@techspectrum.ai,TRUE,2024-05-11T07:12:05Z
100000220,100000147,Zoe,Singh,zoe.singh@datafuture.co,TRUE,2024-05-11T08:26:46Z
100000221,100000141,Oliver,Johnson,oliver.johnson@databotservices.com,FALSE,2024-05-11T21:51:05Z
100000222,100000053,Jack,Nair,jack.nair@datatechinsights.com,FALSE,2024-05-11T13:48:17Z
100000223,100000148,Eli,Hart,eli.hart@techdeep.ai,TRUE,2024-05-12T08:17:43Z
100000224,100000149,Nicholas,Edwards,nicholas.edwards@brainwave.co,TRUE,2024-05-12T12:24:45Z
100000225,100000150,Aria,Chen,aria.chen@cloudmetrica.com,TRUE,2024-05-12T12:17:18Z
100000226,100000069,Amelia,Hsu,amelia.hsu@datadiscoverysol.com,FALSE,2024-05-13T00:15:53Z
100000227,100000147,Nora,Baker,nora.baker@datafuture.co,FALSE,2024-05-12T14:21:23Z
100000233,100000102,Quentin,Nguyen,quentin.nguyen$intellisofttechs.com,FALSE,2024-05-13T12:21:30Z
100000228,100000151,Emily,Lau,emilylau@datasmith.net,TRUE,2024-05-13T05:35:27Z
100000229,100000152,Aria,Roy,aria.roy@technovia.com,TRUE,2024-05-13T06:16:10Z
100000230,100000153,Eli,Greene,e.greene@techmindgroup.io,TRUE,2024-05-13T08:40:51Z
100000231,100000154,Astrid,Nova,astrid.nova@datasense.ai,TRUE,2024-05-13T14:57:16Z
100000232,100000037,Connor,York,connor.york@datasenseia.com,FALSE,2024-05-13T21:12:35Z
100000234,100000155,Leo,Hughes,leo.hughes@datagrandtech.com,TRUE,2024-05-14T01:56:40Z
100000235,100000156,Nora,Kim,nora.kim@sparkvision.ai,TRUE,2024-05-14T23:36:50Z
100000236,100000157,Harper,Hao,harper.hao@datainsightsguru.com,TRUE,2024-05-14T18:36:39Z
100000237,100000158,Eli,Roy,eli.roy@techlogicbits.com,TRUE,2024-05-14T01:29:41Z
100000238,100000159,Hazel,Patel,hazel.patel@techcoreinc.com,TRUE,2024-05-14T07:06:51Z
100000239,100000067,Amelia,Tang,amelia.tang@techspark.ai,FALSE,2024-05-14T05:41:11Z
100000240,100000099,Evelyn,Wu,evelyn.wu@techanalyze.net,FALSE,2024-05-14T03:45:08Z
100000241,100000160,Elias,Hernandez,elias.hernandez@techinsightlabs.com,TRUE,2024-05-15T05:55:41Z
100000242,100000161,Jacob,Roberts,jacob.roberts@datalyze.io,TRUE,2024-05-15T13:54:18Z
100000243,100000162,Delilah,Sharma,delilah.sharma@datadreamersinc.com,TRUE,2024-05-15T04:52:51Z
100000244,100000163,Emma,Yang,eyang@techdataworks.com,TRUE,2024-05-15T20:52:03Z
100000245,100000114,Mila,Johnson,mila.johnson@spacedataco.com,FALSE,2024-05-15T21:09:36Z
100000246,100000128,Harmony,Parker,harmony.parker@datasciencesolutions.com,FALSE,2024-05-15T11:07:18Z
100000247,100000089,Nora,Zhang,nora.zhang@techinsightify.tech,FALSE,2024-05-15T19:17:28Z
100000248,100000164,Levi,Hernandez,levi.hernandez@aiexpertssolutions.com,TRUE,2024-05-16T09:48:11Z
100000249,100000165,Mason,Patel,mason.patel@dataviziongroup.com,TRUE,2024-05-16T11:25:38Z
100000250,100000166,Aria,Singh,aria.singh@analytxsolutions.com,TRUE,2024-05-16T01:26:49Z
100000251,100000167,Ruby,Wong,ruby.wong@sensorydatainc.com,TRUE,2024-05-16T05:49:51Z
100000252,100000168,Wilson,Tan,wilsont@datascico.com,TRUE,2024-05-16T21:39:18Z
100000253,100000038,Skylar,Gao,skylar.gao@datasolv.com,FALSE,2024-05-16T17:11:58Z
100000254,100000132,Camila,Ganesh,camila.ganesh@codecruncher.com,FALSE,2024-05-16T01:46:54Z
100000258,100000172,Grace,Li,grace.li$datasciencenter.com,TRUE,2024-05-17T18:53:57Z
100000255,100000169,Natalie,Tan,natalietan@datawisdom.io,TRUE,2024-05-17T03:13:23Z
100000256,100000170,Olivia,Chang,olivia.chang@datadynamicsinc.com,TRUE,2024-05-17T23:06:25Z
100000257,100000171,Nicole,Ho,nicole.ho@quantumdatacorp.com,TRUE,2024-05-17T02:43:41Z
100000259,100000060,Sophie,Hernandez,sophie.hernandez@datavisionary.io,FALSE,2024-05-17T18:35:18Z
100000260,100000035,Benjamin,Anderson,benjamin.anderson@smartanalystlabs.com,FALSE,2024-05-17T20:19:07Z
100000261,100000173,Nathan,Tran,tran.nathan@dataminecorp.com,TRUE,2024-05-18T03:28:55Z
100000262,100000174,David,Lopez,david.lopez@datagurusolutions.com,TRUE,2024-05-18T13:49:57Z
100000263,100000175,Wyatt,Ramirez,wyatt.ramirez@alfaanalytics.io,TRUE,2024-05-18T03:42:52Z
100000264,100000176,Sophia,Garcia,sophia.garcia@innovatech.com,TRUE,2024-05-18T05:27:12Z
100000265,100000037,Roman,Tan,roman.tan@datasenseia.com,FALSE,2024-05-18T08:51:10Z
100000266,100000057,William,Diaz,william.diaz@analyticinsightsco.com,FALSE,2024-05-18T14:28:44Z
100000267,100000177,Ruby,Ramirez,ruby.ramirez@aiinformaticsco.com,TRUE,2024-05-19T08:05:41Z
100000268,100000178,Ella,Morris,ella.morris@gigaanalytica.com,TRUE,2024-05-19T09:23:21Z
100000269,100000179,Ethan,Wilson,ethan.wilson@datasciencecorp.com,TRUE,2024-05-19T01:47:43Z
100000270,100000180,Nathan,Raj,nathan.raj@techbeam.ai,TRUE,2024-05-19T12:11:52Z
100000271,100000181,Sophie,Huang,sophie.huang@smartlayerai.com,TRUE,2024-05-19T13:02:17Z
100000272,100000083,William,Rossi,william.rossi@analyticcloudsolutions.org,FALSE,2024-05-19T07:20:42Z
100000273,100000078,Ethan,Raj,ethan.raj@dataanalyticsolutions.com,FALSE,2024-05-19T10:47:51Z
100000274,100000182,Michael,Zhang,michael.zhang@analyzestreamsinc.com,TRUE,2024-05-20T00:19:13Z
100000275,100000183,Grayson,Patel,grayson.patel@datasciquest.com,TRUE,2024-05-21T00:02:18Z
100000276,100000184,Aria,Kang,aria.kang@techdatalyte.com,TRUE,2024-05-20T23:12:05Z
100000277,100000185,Marissa,Naidu,marissa.naidu@technodatagroup.com,TRUE,2024-05-20T08:01:51Z
100000278,100000186,Andrew,Liu,andrew_liu@datapulse.ai,TRUE,2024-05-20T01:30:23Z
100000279,100000036,Oliver,Harris,oliver.harris@datavirtuosos.com,FALSE,2024-05-20T07:56:02Z
100000280,100000024,Jack,Gomez,jack.gomez@digitaldataexperts.com,FALSE,2024-05-20T01:07:28Z
100000281,100000187,Noah,Gupta,noah.gupta@cyberlinktech.com,TRUE,2024-05-21T10:41:36Z
100000282,100000188,Sophia,Wang,sophia.wang@algorhythmix.com,TRUE,2024-05-21T06:55:07Z
100000283,100000189,Zoey,Cheung,zoeycheung@analyticalab.org,TRUE,2024-05-21T15:31:09Z
100000284,100000190,Ava,Hernandez,avah@thedatahub.org,TRUE,2024-05-21T14:32:47Z
100000285,100000191,James,Clark,james.clark@digilytics.net,TRUE,2024-05-21T09:35:17Z
100000286,100000091,Noah,Chen,noah.chen@datavisions.biz,FALSE,2024-05-21T07:18:50Z
100000287,100000113,Samantha,Jones,samantha.jones@datamindset.com,FALSE,2024-05-21T18:32:12Z
100000288,100000192,Liam,Kim,liam.kim@brainwaveai.com,TRUE,2024-05-22T11:53:01Z
100000289,100000193,Gabriel,Murphy,gabriel.murphy@intellidataworks.biz,TRUE,2024-05-22T00:33:51Z
100000290,100000194,Isabella,Li,isabella_li@insightech.com,TRUE,2024-05-22T16:50:33Z
100000291,100000195,Finn,Zhang,fzhang@neuronova.com,TRUE,2024-05-22T16:04:23Z
100000292,100000099,Colton,Jones,colton.jones@techanalyze.net,FALSE,2024-05-22T04:12:06Z
100000293,100000041,Evelyn,Lau,evelyn.lau@brainwaveinsight.com,FALSE,2024-05-22T19:37:44Z
100000294,100000196,Evelyn,Patel,evelynpatel@techfusioninsight.com,TRUE,2024-05-23T17:44:34Z
100000295,100000197,Sienna,Koh,sienna.koh@infosightdata.com,TRUE,2024-05-23T19:55:12Z
100000296,100000198,Alice,Smith,alice.smith@datawave.com,TRUE,2024-05-23T14:37:18Z
100000297,100000199,Owen,Tam,owen.tam@innovatechcorp.co,TRUE,2024-05-23T18:22:43Z
100000298,100000059,Hannah,Wu,hannah.wu@techenabledinsights.com,FALSE,2024-05-23T05:51:54Z
100000299,100000055,Penelope,Wu,penelope.wu@roboticssolutionsinc.com,FALSE,2024-05-23T21:43:41Z
100000300,100000200,Owen,Jiang,owen.jiang@aiinspiretech.com,TRUE,2024-05-24T13:13:13Z
100000301,100000201,Xavier,West,xavier@techmeta.com,TRUE,2024-05-24T10:43:25Z
100000302,100000202,Hannah,Xu,hannah.xu@cybermindtech.com,TRUE,2024-05-24T14:30:51Z
100000303,100000098,Lucas,Long,lucas.long@techdataexperts.com,FALSE,2024-05-24T13:56:38Z
100000304,100000068,Ethan,Hsieh,ethan.hsieh@databotixsolutions.com,FALSE,2024-05-24T05:37:41Z
100000305,100000203,Mia,Carlson,mia.carlson@databoostgenius.ai,TRUE,2024-05-25T11:13:27Z
100000306,100000204,James,Davis,j.davis@techknow.co,TRUE,2024-05-25T03:06:58Z
100000307,100000205,Peyton,Murray,peyton.murray@techdataforge.com,TRUE,2024-05-25T12:29:45Z
100000308,100000206,Zoe,Wang,zoewang@bigdatacorp.com,TRUE,2024-05-25T09:40:29Z
100000309,100000207,Logan,Taylor,logan.taylor@codenova.com,TRUE,2024-05-25T00:52:12Z
100000310,100000144,Ivy,Ho,ivy.ho@technox.ai,FALSE,2024-05-25T08:57:22Z
100000311,100000029,Avery,Price,avery.price@datalytics.com,FALSE,2024-05-25T10:46:47Z
100000312,100000208,Aria,Babu,aria.babu@datadivegroup.com,TRUE,2024-05-26T02:27:45Z
100000313,100000209,Luke,Rao,luke.rao@aihubiq.com,TRUE,2024-05-26T23:18:35Z
100000314,100000210,William,Chen,williamchen@datadronix.co,TRUE,2024-05-26T03:05:52Z
100000315,100000211,Emma,Khan,emmakhan@techdataservices.org,TRUE,2024-05-26T11:37:26Z
100000316,100000212,Sebastian,Fisher,sebastian.fisher@datamatrixpro.com,TRUE,2024-05-26T01:52:40Z
100000317,100000181,Emma,Roberts,emma.roberts@smartlayerai.com,FALSE,2024-05-26T22:18:13Z
100000318,100000126,Liam,Malik,liam.malik@dataforgeco.com,FALSE,2024-05-26T15:42:13Z
100000319,100000213,Zoe,Baker,zbaker@bigdatavisionary.com,TRUE,2024-05-27T10:37:10Z
100000320,100000214,Charlotte,Koh,charlotte.koh@intelligentdata.com,TRUE,2024-05-27T08:38:00Z
100000321,100000215,Finn,Chung,finn.chung@automatechinc.com,TRUE,2024-05-27T11:00:11Z
100000322,100000216,Emma,Martinez,emma.martinez@datalytics.biz,TRUE,2024-05-27T13:58:07Z
100000323,100000217,Mia,Ramirez,mia.ramirez@datamind.com,TRUE,2024-05-27T16:21:07Z
100000324,100000184,Isabella,Wu,isabella.wu@techdatalyte.com,FALSE,2024-05-27T09:13:31Z
100000325,100000105,Matthew,Gao,matthew.gao@algorithmia.tech,FALSE,2024-05-27T09:47:18Z
100000326,100000161,Leah,Powell,leah.powell@datalyze.io,FALSE,2024-05-27T01:56:58Z
100000327,100000218,Evelyn,Lam,evelyn.lam@techlogic.com,TRUE,2024-05-28T08:30:26Z
100000328,100000219,Aidan,Kaur,aidan.kaur@datavanceco.com,TRUE,2024-05-28T20:04:30Z
100000329,100000220,Sophia,Garcia,sophia.garcia@datamindsinc.com,TRUE,2024-05-28T22:46:02Z
100000330,100000221,Silvan,Haven,silvan.haven@neurologix.ai,TRUE,2024-05-28T02:17:19Z
100000331,100000049,Nova,Nguyen,nova.nguyen@globaldatainsights.com,FALSE,2024-05-28T17:15:16Z
100000332,100000026,Nathan,Li,nathan.li@datascapeai.com,FALSE,2024-05-28T10:20:26Z
100000338,100000056,Oscar,Sanchez,oscar.sanchez$techbrightai.com,FALSE,2024-05-29T13:30:39Z
100000333,100000222,Roman,Perry,roman.perry@techdataintelligenceinc.com,TRUE,2024-05-29T09:35:33Z
100000334,100000223,James,Wilson,jameswilson85@techdatafusion.com,TRUE,2024-05-29T14:14:12Z
100000335,100000224,Aiden,Nguyen,aiden.nguyen@datalytics360.com,TRUE,2024-05-29T19:40:28Z
100000336,100000225,Alyssa,Ngo,alyssa.ngo@cyberdatasol.com,TRUE,2024-05-29T06:04:36Z
100000337,100000188,Zara,Gray,zara.gray@algorhythmix.com,FALSE,2024-05-29T22:14:32Z
100000340,100000227,Luke,Hassan,luke.hassan$dataskillsnet.com,TRUE,2024-05-30T07:47:39Z
100000339,100000226,Daniel,Singh,d.singh@dataspringtech.com,TRUE,2024-05-30T09:35:42Z
100000341,100000228,Lucas,Lopez,lucas.lopez@analydev.com,TRUE,2024-05-30T04:29:08Z
100000342,100000229,Emmett,Pierce,emmett.pierce@cyberanalytix.com,TRUE,2024-05-30T19:04:56Z
100000343,100000207,Blake,Song,blake.song@codenova.com,FALSE,2024-05-30T23:49:16Z
100000344,100000068,Caroline,Xu,caroline.xu@databotixsolutions.com,FALSE,2024-05-30T11:30:46Z
100000345,100000230,Levi,Galloway,levigalloway@aiempowertech.com,TRUE,2024-05-31T13:09:24Z
100000346,100000231,Austin,Yu,austin.yu@analyticube.com,TRUE,2024-05-31T18:41:26Z
100000347,100000232,Evelyn,Li,evelyn@innovatechcorp.com,TRUE,2024-05-31T19:58:53Z
100000348,100000233,Samantha,Gupta,samanthag@digitalytics.com,TRUE,2024-05-31T12:50:06Z
100000349,100000234,Nicole,Douglas,nicole.douglas@innodatagroup.net,TRUE,2024-05-31T10:41:56Z
100000350,100000024,Gabriel,Wang,gabriel.wang@digitaldataexperts.com,FALSE,2024-05-31T08:26:40Z
100000351,100000011,Amelia,Singh,amelia.singh@techalgosolutions.com,FALSE,2024-05-31T07:50:38Z
100000352,100000235,Ava,Green,avagreen@techinsightgroup.com,TRUE,2024-06-01T21:02:13Z
100000353,100000236,Harry,Evans,hevans@datalyticsco.com,TRUE,2024-06-01T13:43:30Z
100000354,100000237,Eli,Bennett,eli.bennett@cybersynapse.com,TRUE,2024-06-01T03:21:02Z
100000355,100000238,Chloe,Green,chloe.green@datavisionco.com,TRUE,2024-06-01T07:36:23Z
100000356,100000220,Christopher,Jenkins,christopher.jenkins@datamindsinc.com,FALSE,2024-06-01T14:28:50Z
100000357,100000204,Grace,Santos,grace.santos@techknow.co,FALSE,2024-06-01T08:46:09Z
100000358,100000239,Avery,Kaur,avery.kaur@aiacceleratecorp.com,TRUE,2024-06-02T11:27:17Z
100000359,100000240,Jaxon,Jacob,jaxon.jacob@byteburst.com,TRUE,2024-06-02T07:36:50Z
100000360,100000241,Michael,Phan,michael.phan@techsmartcode.com,TRUE,2024-06-02T06:59:52Z
100000361,100000242,Eleanor,Smith,eleanor.smith@datawise.com,TRUE,2024-06-02T03:51:49Z
100000362,100000243,Clara,Young,clarayoung@innovadatasolutions.com,TRUE,2024-06-02T14:13:31Z
100000363,100000205,Ivy,Young,ivy.young@techdataforge.com,FALSE,2024-06-02T07:38:44Z
100000364,100000037,Kiara,Lau,kiara.lau@datasenseia.com,FALSE,2024-06-02T14:14:18Z
100000365,100000244,Christopher,Mason,christopher.mason@dataxcelerate.biz,TRUE,2024-06-03T08:53:06Z
100000366,100000245,Joseph,Rodriguez,joseph.rodriguez@analytiverse.co,TRUE,2024-06-03T18:54:20Z
100000367,100000246,Layla,Perry,layla.perry@datafusiontech.com,TRUE,2024-06-03T12:17:41Z
100000368,100000247,Austin,Lam,austin.lam@datacoretech.com,TRUE,2024-06-03T22:36:46Z
100000369,100000086,Parker,Donovan,parker.donovan@brainstormai.io,FALSE,2024-06-03T20:49:14Z
100000370,100000124,Jade,Nguyen,jade.nguyen@datadreams.org,FALSE,2024-06-03T03:38:52Z
100000371,100000248,Sofia,Gao,sofia.gao@datasensecorp.com,TRUE,2024-06-04T11:47:46Z
100000372,100000249,Kingston,Morales,kingston.morales@datascientifics.com,TRUE,2024-06-04T21:50:53Z
100000373,100000250,Gabriel,Hernandez,ghernandez@datawiseinc.com,TRUE,2024-06-04T05:30:53Z
100000374,100000251,Nia,Ali,nia_ali@sensordeltatech.com,TRUE,2024-06-04T22:38:14Z
100000375,100000130,Zoe,Wu,zoe.wu@smartdataexperts.com,FALSE,2024-06-04T02:47:36Z
100000376,100000218,Milo,Simmons,milo.simmons@techlogic.com,FALSE,2024-06-04T09:24:24Z
100000377,100000252,Ryan,Nguyen,ryan@adaptivemind.ai,TRUE,2024-06-05T02:52:06Z
100000378,100000253,Mackenzie,Roberts,mackenzie.roberts@innodatatrends.com,TRUE,2024-06-05T16:29:32Z
100000379,100000254,Lincoln,Huang,lincoln.huang@insightdatalabs.com,TRUE,2024-06-05T22:45:51Z
100000380,100000255,Amelia,Powell,amelia.powell@dataspiretech.com,TRUE,2024-06-05T14:47:16Z
100000381,100000256,Ayla,Cai,aylacai@techmind.biz,TRUE,2024-06-05T21:47:12Z
100000382,100000091,Mason,Smith,mason.smith@datavisions.biz,FALSE,2024-06-05T08:37:21Z
100000383,100000142,Simon,Johnson,simon.johnson@techbrainiacsco.com,FALSE,2024-06-05T20:39:53Z
100000384,100000257,Oliver,Liu,oliver.liu@techdataco.com,TRUE,2024-06-06T22:33:09Z
100000385,100000258,Max,Ford,max.ford@datadirectconnect.com,TRUE,2024-06-06T15:35:26Z
100000386,100000259,Robert,Lopez,robert.lopez@datamatrixlabs.com,TRUE,2024-06-06T06:55:45Z
100000387,100000251,Joseph,Wong,joseph.wong@sensordeltatech.com,FALSE,2024-06-06T05:11:11Z
100000388,100000131,Beckett,Kim,beckett.kim@techdataalgorithmssystems.com,FALSE,2024-06-06T14:38:46Z
100000389,100000260,John,Doe,john.doe@cyberhub.io,TRUE,2024-06-07T07:06:16Z
100000390,100000261,Luna,Chen,chen.luna@intellidatacorp.com,TRUE,2024-06-07T13:36:06Z
100000391,100000262,Julian,Wu,j.wu@datadreamz.com,TRUE,2024-06-07T06:39:01Z
100000392,100000263,David,Charles,davidc@datainnovatesolutions.com,TRUE,2024-06-07T08:15:49Z
100000393,100000252,Ezra,Rivera,ezra.rivera@adaptivemind.ai,FALSE,2024-06-07T18:03:57Z
100000394,100000045,Harper,Santos,harper.santos@datamagic.com,FALSE,2024-06-07T03:25:06Z
100000395,100000264,Ivy,Zhou,ivy.zhou@datafusioncorp.com,TRUE,2024-06-08T08:21:55Z
100000396,100000265,Madison,Collins,madison.c@algorithmiax.com,TRUE,2024-06-08T11:03:59Z
100000397,100000266,Nathan,Reid,nathan.reid@smartdatafusiontech.com,TRUE,2024-06-08T06:25:40Z
100000398,100000055,Clara,Martinez,clara.martinez@roboticssolutionsinc.com,FALSE,2024-06-08T17:10:02Z
100000399,100000255,Sydney,Tran,sydney.tran@dataspiretech.com,FALSE,2024-06-08T00:31:52Z
100000400,100000267,Christopher,Iyer,christopher.iyer@technalyzeai.com,TRUE,2024-06-09T06:56:12Z
100000401,100000268,Jasper,Gomez,jasper.gomez@datasparkai.com,TRUE,2024-06-09T03:20:27Z
100000402,100000269,Isla,Lee,isla.lee@analytech.com,TRUE,2024-06-09T04:22:06Z
100000403,100000270,Zara,Chung,zchung@analyticbytes.com,TRUE,2024-06-09T23:11:18Z
100000404,100000260,Zara,Harris,zara.harris@cyberhub.io,FALSE,2024-06-09T17:57:03Z
100000405,100000016,Alex,Singh,alex.singh@techdevgroup.com,FALSE,2024-06-09T00:35:16Z
100000406,100000271,Violet,Mohan,violetmohan@datadash.co,TRUE,2024-06-10T02:54:06Z
100000407,100000272,Wyatt,Chong,wyatt.chong@analyticalmindsco.com,TRUE,2024-06-10T09:03:59Z
100000408,100000273,Sophia,Stone,sophia.stone@datavisionix.com,TRUE,2024-06-10T12:15:12Z
100000409,100000274,Zoe,Sullivan,zoe.sullivan@techsphereinc.com,TRUE,2024-06-10T00:42:14Z
100000410,100000165,Lucas,Morales,lucas.morales@dataviziongroup.com,FALSE,2024-06-10T21:53:59Z
100000411,100000072,Elijah,Baker,elijah.baker@techanalyzeinc.com,FALSE,2024-06-10T06:09:48Z
100000412,100000275,Harper,Morris,harpermorris@computervisiontechs.com,TRUE,2024-06-11T21:29:39Z
100000413,100000276,Hope,Trivedi,hope.trivedi@analysiqa.com,TRUE,2024-06-11T01:12:07Z
100000414,100000277,Natalie,Kang,nataliekang@datascienceprof.com,TRUE,2024-06-11T01:00:33Z
100000415,100000278,Isla,Lee,isla.lee@techdatascience.com,TRUE,2024-06-11T15:58:27Z
100000416,100000279,Emily,Lim,emily.lim@smartinsights.com,TRUE,2024-06-11T20:55:37Z
100000417,100000050,Mila,Zhang,mila.zhang@datasciencedynamics.co,FALSE,2024-06-11T05:15:38Z
100000418,100000051,Emma,Martinez,emma.martinez@datasciencetechies.com,FALSE,2024-06-11T14:35:45Z
100000419,100000280,Ethan,Chang,ethan.chang@datumglobal.co,TRUE,2024-06-12T21:52:28Z
100000420,100000281,Claire,Mehta,cmehta@datafusionworks.com,TRUE,2024-06-12T03:02:59Z
100000421,100000282,Levi,Morales,levi.morales@techsync.com,TRUE,2024-06-12T23:43:23Z
100000422,100000283,Mia,Singh,mia.singh@datadive.co,TRUE,2024-06-12T04:34:38Z
100000423,100000284,Mason,Nelson,masonn@thinkdatasphere.com,TRUE,2024-06-12T14:44:54Z
100000424,100000037,Olivia,Cheung,olivia.cheung@datasenseia.com,FALSE,2024-06-12T14:53:24Z
100000425,100000285,Layla,Choudhury,lc@cyberinovate.com,TRUE,2024-06-13T23:12:48Z
100000426,100000286,Theo,Hayes,theohayes@dataomega.ai,TRUE,2024-06-13T07:08:38Z
100000427,100000287,Miles,Tao,miles.tao@digitaldataworks.com,TRUE,2024-06-13T10:13:49Z
100000428,100000288,Levi,Gutierrez,levig@dataharvestersinc.com,TRUE,2024-06-13T10:20:28Z
100000429,100000289,Liam,Rodriguez,liam.rodriguez@analyticinsightsgroup.com,TRUE,2024-06-13T09:15:29Z
100000430,100000193,Ethan,Parker,ethan.parker@intellidataworks.biz,FALSE,2024-06-13T21:05:33Z
100000431,100000072,Mason,Long,mason.long@techanalyzeinc.com,FALSE,2024-06-13T21:11:19Z
100000435,100000293,Lila,Nguyen,lila.nguyen$bigbrainanalytics.com,TRUE,2024-06-14T09:27:55Z
100000432,100000290,Noah,Garcetti,noah.garcetti@codeinnovate.com,TRUE,2024-06-14T14:31:00Z
100000433,100000291,Benjamin,Morales,benjamin.morales@datadoctorsinc.com,TRUE,2024-06-14T15:09:55Z
100000434,100000292,Skylar,Huang,skylar.huang@aiinnovationsinc.com,TRUE,2024-06-14T22:33:14Z
100000436,100000067,Nora,O'Connor,nora.o'connor@techspark.ai,FALSE,2024-06-14T20:01:52Z
100000437,100000098,Grayson,Patel,grayson.patel@techdataexperts.com,FALSE,2024-06-14T17:41:39Z
100000438,100000294,Owen,Naidu,owen.naidu@bytebit.com,TRUE,2024-06-15T09:05:37Z
100000439,100000295,Owen,Martinez,owen.martinez@neuralfusion.io,TRUE,2024-06-15T08:15:04Z
100000440,100000296,Rachel,Samma,rachel.samma@infotechforge.com,TRUE,2024-06-15T02:34:32Z
100000441,100000297,Ava,Gupta,avagupta@cyberdefensesol.com,TRUE,2024-06-15T23:29:31Z
100000442,100000099,Violet,Hill,violet.hill@techanalyze.net,FALSE,2024-06-15T04:35:11Z
100000443,100000115,Daniel,Rivera,daniel.rivera@insightcloudlabs.com,FALSE,2024-06-15T01:21:59Z
100000448,100000068,Grace,Singh,grace.singh$databotixsolutions.com,FALSE,2024-06-16T02:13:40Z
100000444,100000298,Grace,Patil,gracepatil@datadigmcorp.com,TRUE,2024-06-16T04:07:19Z
100000445,100000299,Madison,Scott,madison.scott@techbridgecorp.com,TRUE,2024-06-16T14:37:25Z
100000446,100000300,Piper,Liu,piper.liu@analyzixsolutionsinc.com,TRUE,2024-06-16T11:28:23Z
100000447,100000226,Penelope,Wang,penelope.wang@dataspringtech.com,FALSE,2024-06-16T14:22:46Z
100000449,100000301,Victoria,Prasad,victoria.prasad@datagilityinc.com,TRUE,2024-06-17T16:56:10Z
100000450,100000302,Aria,Wong,aria.wong@aiandbeyondcorp.com,TRUE,2024-06-17T01:19:47Z
100000451,100000303,Madison,Rivera,madison.rivera@dataloop.com,TRUE,2024-06-17T09:07:24Z
100000452,100000304,Mia,Kim,mia.kim@datagroves.co,TRUE,2024-06-17T01:48:19Z
100000453,100000004,Carter,Wu,carter.wu@datadigmgroup.com,FALSE,2024-06-17T18:03:13Z
100000454,100000207,Jacob,Choi,jacob.choi@codenova.com,FALSE,2024-06-17T16:26:30Z
100000455,100000305,Lydia,Ma,lydia.ma@techvisionary.co,TRUE,2024-06-18T17:44:43Z
100000456,100000306,Ava,Ali,avaali@smartbytegroup.com,TRUE,2024-06-18T04:48:13Z
100000457,100000307,Xavier,Lee,xavier.lee@techbytes.com,TRUE,2024-06-18T08:17:09Z
100000458,100000308,Tina,Hall,thall@intelligencetechsys.com,TRUE,2024-06-18T01:13:00Z
100000459,100000040,Ryder,Wong,ryder.wong@techvistix.ai,FALSE,2024-06-18T10:24:29Z
100000460,100000288,Levi,Xu,levi.xu@dataharvestersinc.com,FALSE,2024-06-18T23:09:55Z
100000461,100000309,Oliver,Chen,oliver.chen@datadiscoverysciences.com,TRUE,2024-06-19T20:43:30Z
100000462,100000310,Joseph,Tran,joseph.tran@datadex.com,TRUE,2024-06-19T23:02:16Z
100000463,100000311,Mira,Dhillon,mira.dhillon@semanticscope.com,TRUE,2024-06-19T22:57:45Z
100000464,100000312,Sophia,Anderson,sophia.anderson@techdatalytics.com,TRUE,2024-06-19T14:13:18Z
100000465,100000057,Nora,Davis,nora.davis@analyticinsightsco.com,FALSE,2024-06-19T13:15:30Z
100000466,100000182,Emily,Yee,emily.yee@analyzestreamsinc.com,FALSE,2024-06-19T17:26:51Z
100000467,100000016,Jayden,Young,jayden.young@techdevgroup.com,FALSE,2024-06-19T10:55:33Z
100000468,100000313,Brooklyn,Sanchez,brooklyn.sanchez@infobridge.co,TRUE,2024-06-20T00:56:32Z
100000469,100000314,Wyatt,Xu,wyatt.xu@algoinsight.io,TRUE,2024-06-20T00:32:57Z
100000470,100000315,Theo,Chong,tchong@techdatapulse.com,TRUE,2024-06-20T06:48:16Z
100000471,100000316,Roman,Wu,roman.wu@innoquest.biz,TRUE,2024-06-20T15:50:15Z
100000472,100000149,Benjamin,Rao,benjamin.rao@brainwave.co,FALSE,2024-06-20T05:06:08Z
100000473,100000020,Isabella,Hernandez,isabella.hernandez@techknowlogix.com,FALSE,2024-06-20T22:42:48Z
100000474,100000317,Ariana,Tran,ariana.tran@techanalytixgroup.com,TRUE,2024-06-21T18:35:49Z
100000475,100000318,Oliver,Chow,oliver.chow@logicdatascience.com,TRUE,2024-06-21T10:59:27Z
100000476,100000319,Lana,Chen,lana.chen@techvisionary.biz,TRUE,2024-06-21T13:29:54Z
100000477,100000320,Jaxon,Yu,jaxonyu@algoquest.io,TRUE,2024-06-21T03:09:50Z
100000478,100000035,Daniel,Zhang,daniel.zhang@smartanalystlabs.com,FALSE,2024-06-21T16:24:20Z
100000479,100000231,Michael,Cooper,michael.cooper@analyticube.com,FALSE,2024-06-21T08:49:26Z
100000480,100000321,Remy,Bot,remy.bot@botwiseinc.com,TRUE,2024-06-22T10:33:49Z
100000481,100000322,Ivy,Rivers,ivy.rivers@techmindset.com,TRUE,2024-06-22T05:47:06Z
100000482,100000323,Lucas,Truong,lucastruong@brightdatasys.tech,TRUE,2024-06-22T12:48:29Z
100000483,100000324,Milo,Gandhi,milo.gandhi@techcomputeiq.com,TRUE,2024-06-22T08:07:02Z
100000484,100000325,Amelia,Smith,amelias@selfdrivingtechs.com,TRUE,2024-06-22T09:07:48Z
100000485,100000205,Archer,Lopez,archer.lopez@techdataforge.com,FALSE,2024-06-22T22:42:56Z
100000486,100000171,Hannah,Garcia,hannah.garcia@quantumdatacorp.com,FALSE,2024-06-22T10:30:29Z
100000487,100000326,Eva,Garcia,eva.garcia@techbytecorp.com,TRUE,2024-06-23T06:53:17Z
100000488,100000327,Vivian,Xu,vivian.xu@intellicompute.com,TRUE,2024-06-23T11:00:25Z
100000489,100000328,Eli,Tan,eli.tan@techveya.com,TRUE,2024-06-23T20:38:48Z
100000490,100000329,Natalie,Cooper,natalie.cooper@techgeniusdata.com,TRUE,2024-06-23T18:43:58Z
100000491,100000323,Harper,Martin,harper.martin@brightdatasys.tech,FALSE,2024-06-23T01:43:10Z
100000492,100000330,Sofia,Evans,sofia.evans@aiaccelerateworks.com,TRUE,2024-06-24T01:42:37Z
100000493,100000331,Carter,Hayes,carter.hayes@datumtechnologies.com,TRUE,2024-06-24T23:11:38Z
100000494,100000332,Owen,Wang,owen.wang@datamerge.com,TRUE,2024-06-24T18:12:05Z
100000495,100000051,Levi,Yoo,levi.yoo@datasciencetechies.com,FALSE,2024-06-24T06:06:43Z
100000496,100000187,Elijah,Smith,elijah.smith@cyberlinktech.com,FALSE,2024-06-24T21:35:50Z
100000497,100000333,Elijah,Hill,e.hill@datumindustries.com,TRUE,2024-06-25T13:09:41Z
100000498,100000334,Nora,Zhang,nora.zhang@datagigantica.com,TRUE,2024-06-25T15:33:34Z
100000499,100000335,Christopher,Raj,christopher.raj@techfusiontech.com,TRUE,2024-06-25T22:13:57Z
100000500,100000336,Leah,Park,lpark@aiinnovationsolutions.com,TRUE,2024-06-25T18:46:08Z
100000501,100000289,Ivy,Zhang,ivy.zhang@analyticinsightsgroup.com,FALSE,2024-06-25T17:46:54Z
100000502,100000337,Evan,Choi,evanchoi@datasciencelabsinc.com,TRUE,2024-06-26T10:01:48Z
100000503,100000338,Indigo,Datafusion,indigo.datafusion@fusionaiworks.com,TRUE,2024-06-26T18:52:55Z
100000504,100000339,Milo,Shah,m.shah@dataiqtechno.com,TRUE,2024-06-26T20:03:57Z
100000505,100000210,Grayson,Luna,grayson.luna@datadronix.co,FALSE,2024-06-26T05:33:40Z
100000506,100000092,Logan,Jones,logan.jones@analyzegroup.com,FALSE,2024-06-26T19:09:57Z
100000507,100000340,David,Garcia,david.garcia@autoinsights.tech,TRUE,2024-06-27T17:18:23Z
100000508,100000341,Carter,Singh,carter.singh@datasparklabs.io,TRUE,2024-06-27T05:55:55Z
100000509,100000342,Megan,Su,msu@supertechdata.com,TRUE,2024-06-27T20:18:27Z
100000510,100000343,Emma,Thomas,emma.thomas@predictanalytics.co,TRUE,2024-06-27T05:04:34Z
100000511,100000344,Ava,Patel,ava.patel@aiindustries.com,TRUE,2024-06-27T22:42:17Z
100000512,100000244,Chloe,Han,chloe.han@dataxcelerate.biz,FALSE,2024-06-27T16:28:43Z
100000513,100000104,Jason,Brown,jason.brown@analytixtechworks.com,FALSE,2024-06-27T23:50:37Z
100000514,100000345,Clara,Patel,clara.patel@techdatafusion.io,TRUE,2024-06-28T00:44:43Z
100000515,100000346,Aurora,Adams,aurora.adams@datafoundry.pro,TRUE,2024-06-28T10:42:34Z
100000516,100000347,Aria,Reyes,aria.reyes@smartdatamind.com,TRUE,2024-06-28T13:48:05Z
100000517,100000348,Bella,Patel,bella.patel@datafusiontechs.com,TRUE,2024-06-28T11:11:03Z
100000518,100000349,Mason,Clark,m.clark@datametricsteam.com,TRUE,2024-06-28T08:15:34Z
100000519,100000272,Amir,Lee,amir.lee@analyticalmindsco.com,FALSE,2024-06-28T16:17:41Z
100000520,100000298,Chloe,Li,chloe.li@datadigmcorp.com,FALSE,2024-06-29T00:15:42Z
100000521,100000350,Atticus,Sinha,atticus.sinha@analyterrainsolutions.com,TRUE,2024-06-29T10:52:28Z
100000522,100000351,Charlotte,Lam,charlotte.lam@datafusiontech.org,TRUE,2024-06-29T07:54:10Z
100000523,100000352,Noah,Chen,noah.chen@datalinkage.io,TRUE,2024-06-29T23:57:08Z
100000524,100000353,Elena,Chopra,elena.chopra@datanetixs.co,TRUE,2024-06-29T16:17:05Z
100000525,100000090,Mason,Taylor,mason.taylor@techmetricia.com,FALSE,2024-06-29T11:06:04Z
100000526,100000286,Leah,Patel,leah.patel@dataomega.ai,FALSE,2024-06-29T09:04:18Z
100000527,100000354,Jack,Kim,jkim@techanalyticinc.com,TRUE,2024-06-30T18:57:12Z
100000528,100000355,Nathan,Vasquez,nathan.vasquez@datadive.ai,TRUE,2024-06-30T00:44:39Z
100000529,100000356,Ethan,Jones,ethan.jones@techdataanalysts.com,TRUE,2024-07-01T00:07:30Z
100000530,100000357,Liam,Lopez,liam.lopez@artificialmindco.com,TRUE,2024-06-30T19:50:24Z
100000531,100000154,Olivia,Patil,olivia.patil@datasense.ai,FALSE,2024-06-30T09:29:11Z
100000532,100000358,Luna,Lou,luna.lou@infoinsight.co,TRUE,2024-07-01T17:09:26Z
100000533,100000359,Dylan,Howard,dylan.howard@techlogix.com,TRUE,2024-07-01T22:51:25Z
100000534,100000360,Seth,Tang,seth.tang@analyticpulse.io,TRUE,2024-07-01T17:15:17Z
100000535,100000361,Nina,Smart,nina.smart@intellifycorp.com,TRUE,2024-07-01T16:02:33Z
100000536,100000362,Isabella,Chen,chen_isabella@datasphereco.com,TRUE,2024-07-01T10:07:12Z
100000537,100000006,Theo,Price,theo.price@aiscape.biz,FALSE,2024-07-01T08:12:31Z
100000538,100000363,Harper,Rogers,harper.rogers@algorithmictech.com,TRUE,2024-07-02T23:11:39Z
100000539,100000364,Mia,Cheng,mia.cheng@techdatagateway.com,TRUE,2024-07-02T00:57:30Z
100000540,100000365,Eva,Smith,eva.smith@datasciencetech.com,TRUE,2024-07-02T12:27:46Z
100000541,100000366,Layla,Patel,layla.patel@databricksolutions.com,TRUE,2024-07-02T08:45:42Z
100000542,100000224,Michael,Ramirez,michael.ramirez@datalytics360.com,FALSE,2024-07-02T21:06:01Z
100000543,100000153,Juno,Gordon,juno.gordon@techmindgroup.io,FALSE,2024-07-02T11:19:05Z
100000544,100000367,Oscar,Liu,oscar.liu@insightstream.com,TRUE,2024-07-03T05:47:39Z
100000545,100000368,Dylan,Tan,dylan.tan@quantuminsight.com,TRUE,2024-07-03T12:52:14Z
100000546,100000369,Claire,Chen,clairechen@analyticdatalabs.com,TRUE,2024-07-03T01:22:10Z
100000547,100000095,Amelia,Sullivan,amelia.sullivan@datasolutionsgroup.com,FALSE,2024-07-03T11:25:50Z
100000548,100000137,Isaac,Le,isaac.le@techdatagroup.com,FALSE,2024-07-03T06:14:22Z
100000549,100000370,Lucas,Shah,lucas.shah@cybermind.biz,TRUE,2024-07-04T04:57:09Z
100000550,100000371,Scarlett,Bryant,sbryant@techdatalink.com,TRUE,2024-07-04T05:59:00Z
100000551,100000372,Eva,Smith,eva.smith@datalyticscorp.com,TRUE,2024-07-04T23:08:33Z
100000552,100000345,Ava,Ross,ava.ross@techdatafusion.io,FALSE,2024-07-04T11:03:32Z
100000553,100000373,Michael,Young,michael.young@datablazeai.com,TRUE,2024-07-05T21:44:03Z
100000554,100000374,Amelia,Chen,amelia.chen@infofusion.com,TRUE,2024-07-05T15:10:08Z
100000555,100000375,Joshua,Seah,joshua.seah@datascope.co,TRUE,2024-07-05T10:30:49Z
100000556,100000376,Madison,Nelson,madison.nelson@datadynamics.org,TRUE,2024-07-05T09:00:00Z
100000557,100000128,Jackson,Lee,jackson.lee@datasciencesolutions.com,FALSE,2024-07-05T11:21:22Z
100000558,100000146,Carter,Wu,carter.wu@techspectrum.ai,FALSE,2024-07-05T12:53:45Z
100000559,100000377,Grace,Garcia,grace.garcia@algoritechnet.com,TRUE,2024-07-06T23:47:04Z
100000560,100000378,Aria,Das,aria.das@bitdatatech.com,TRUE,2024-07-06T18:21:19Z
100000561,100000379,Julian,Chin,julian.chin@infogainix.com,TRUE,2024-07-06T12:35:58Z
100000562,100000380,Claire,Wong,claire@algoanalytics.io,TRUE,2024-07-06T13:58:58Z
100000563,100000298,Owen,Reed,owen.reed@datadigmcorp.com,FALSE,2024-07-06T07:43:32Z
100000564,100000217,Landon,Davis,landon.davis@datamind.com,FALSE,2024-07-06T01:18:53Z
100000565,100000381,Zara,Kumar,zara.kumar@alphabyte.tech,TRUE,2024-07-07T18:53:51Z
100000566,100000382,Finn,Gomez,finn.gomez@mindlens.tech,TRUE,2024-07-07T18:47:10Z
100000567,100000383,Mason,Gupta,mason.gupta@analyticpulse.com,TRUE,2024-07-07T23:09:18Z
100000568,100000384,Lucas,Zhang,lzhang@informaticompany.com,TRUE,2024-07-07T03:16:19Z
100000569,100000385,Owen,Lam,owen.lam@infooptima.io,TRUE,2024-07-07T23:54:11Z
100000570,100000005,Ella,Baker,ella.baker@dataminds.net,FALSE,2024-07-07T09:18:17Z
100000571,100000042,Evelyn,Reyes,evelyn.reyes@dataquesttechs.com,FALSE,2024-07-07T06:45:32Z
100000572,100000386,Oliver,Santos,osantos@insightgenic.com,TRUE,2024-07-08T12:05:01Z
100000573,100000387,Sydney,Chow,sydney.chow@datadiveai.com,TRUE,2024-07-08T16:56:10Z
100000574,100000388,Sophia,Martinez,sophia.martinez@analytixsystems.com,TRUE,2024-07-08T11:44:03Z
100000575,100000389,Carter,Liu,carter.liu@dataviewer.net,TRUE,2024-07-08T20:13:14Z
100000576,100000390,Eli,Wu,eli.wu@techfuturistics.co,TRUE,2024-07-08T05:28:33Z
100000577,100000005,Noah,Liu,noah.liu@dataminds.net,FALSE,2024-07-08T13:22:06Z
100000578,100000271,Elijah,Avila,elijah.avila@datadash.co,FALSE,2024-07-08T10:48:42Z
100000579,100000391,Luna,Garcia,luna.garcia@techcogentia.com,TRUE,2024-07-09T06:54:47Z
100000580,100000392,Sofia,Murphy,sofia.murphy@bitwisesystems.com,TRUE,2024-07-09T19:17:19Z
100000581,100000393,Penelope,Price,penelope.price@analyzoid.io,TRUE,2024-07-09T15:11:36Z
100000582,100000394,Levi,Ramirez,levi.ramirez@datavisionaryco.com,TRUE,2024-07-09T11:10:18Z
100000583,100000159,Harper,Patel,harper.patel@techcoreinc.com,FALSE,2024-07-09T15:56:32Z
100000584,100000242,Scarlett,Mittal,scarlett.mittal@datawise.com,FALSE,2024-07-09T22:50:36Z
100000585,100000395,Livia,Kang,livia_k@cloudmindai.com,TRUE,2024-07-10T13:17:18Z
100000586,100000396,Landon,Simmons,landon.s@dataunitedtech.com,TRUE,2024-07-10T21:16:34Z
100000587,100000397,Jack,Gao,jack.gao@datasolve.com,TRUE,2024-07-10T09:08:47Z
100000588,100000398,Sebastian,Rogers,sebastian.rogers@smartdatagroup.com,TRUE,2024-07-10T16:13:56Z
100000589,100000168,Harper,Lopez,harper.lopez@datascico.com,FALSE,2024-07-10T12:55:40Z
100000590,100000298,Elijah,Hamilton,elijah.hamilton@datadigmcorp.com,FALSE,2024-07-10T15:55:59Z
100000591,100000135,Riley,Teo,riley.teo@analyticworks.com,FALSE,2024-07-10T14:10:41Z
100000592,100000399,Sophia,Kim,sophia.kim@analytixsphere.com,TRUE,2024-07-11T00:52:06Z
100000593,100000400,Jacob,Agrawal,jacob.agrawal@clouddatapulse.com,TRUE,2024-07-11T15:44:53Z
100000594,100000401,Oliver,Johnson,oliverj@aiinsightconsulting.com,TRUE,2024-07-11T17:05:22Z
100000595,100000105,Ethan,Pierce,ethan.pierce@algorithmia.tech,FALSE,2024-07-11T16:43:34Z
100000596,100000182,Maya,Techtonic,maya.techtonic@analyzestreamsinc.com,FALSE,2024-07-11T10:38:54Z
100000600,100000405,Caleb,Li,caleb.li$infolytical.com,TRUE,2024-07-12T08:52:52Z
100000597,100000402,Emily,Loh,emily.loh@aimind.co,TRUE,2024-07-12T05:40:38Z
100000598,100000403,Tara,Singh,tara.singh@databuzz.co,TRUE,2024-07-12T08:04:04Z
100000599,100000404,Ethan,Chen,ethan@neuraltechgroup.com,TRUE,2024-07-12T03:39:27Z
100000601,100000298,Odin,Bryant,odin.bryant@datadigmcorp.com,FALSE,2024-07-12T00:50:25Z
100000602,100000031,Liam,Sundaram,liam.sundaram@indatafusion.co,FALSE,2024-07-12T18:51:24Z
100000603,100000406,Bella,Wu,bella.wu@analyzenet.com,TRUE,2024-07-13T12:10:22Z
100000604,100000407,David,Kaur,david.kaur@techbyte.com,TRUE,2024-07-13T09:47:18Z
100000605,100000408,Oscar,Ramirez,oscar.ramirez@techvance.com,TRUE,2024-07-13T06:07:05Z
100000606,100000290,Aayan,Cruz,aayan.cruz@codeinnovate.com,FALSE,2024-07-13T23:04:05Z
100000607,100000253,Michael,Reed,michael.reed@innodatatrends.com,FALSE,2024-07-13T22:33:37Z
100000608,100000409,Liam,Kumar,liam.kumar@algoraithmsol.com,TRUE,2024-07-14T12:36:49Z
100000609,100000410,Olivia,Murphy,olivia.murphy@mindspectrum.tech,TRUE,2024-07-14T01:56:00Z
100000610,100000160,Wyatt,Romero,wyatt.romero@techinsightlabs.com,FALSE,2024-07-14T07:29:28Z
100000611,100000411,Ella,Verma,ella.verma@datadyniq.com,TRUE,2024-07-14T14:30:16Z
100000612,100000345,Ashton,Garcia,ashton.garcia@techdatafusion.io,FALSE,2024-07-14T12:56:10Z
100000613,100000412,Elijah,Tran,elijah_tran@bigdataprofs.com,TRUE,2024-07-16T00:38:01Z
100000614,100000413,Oliver,Kwan,oliver.kwan@neurologicai.com,TRUE,2024-07-16T09:37:38Z
100000615,100000135,Henry,Thompson,henry.thompson@analyticworks.com,FALSE,2024-07-16T00:26:32Z
100000616,100000414,Alexander,Kim,alexander.kim@quantumscape.ai,TRUE,2024-07-16T16:07:23Z
100000617,100000415,Julia,Xu,julia.xu@dataluminova.com,TRUE,2024-07-16T16:34:51Z
100000618,100000057,Hadley,Perez,hadley.perez@analyticinsightsco.com,FALSE,2024-07-16T15:24:07Z
100000619,100000416,Olivia,Carter,olivia.carter@smartdataco.com,TRUE,2024-07-17T12:40:43Z
100000620,100000417,Hannah,Griffin,hannah.griffin@datascientia.tech,TRUE,2024-07-17T16:57:51Z
100000621,100000319,Scarlett,Ramirez,scarlett.ramirez@techvisionary.biz,FALSE,2024-07-17T18:26:33Z
100000626,100000128,Natalie,Zhang,natalie.zhang$datasciencesolutions.com,FALSE,2024-07-18T17:44:15Z
100000622,100000418,Taylor,Nguyen,taylor.nguyen@dataviewsolutions.com,TRUE,2024-07-18T10:04:46Z
100000623,100000419,Eve,Chang,eve@dataengeniusco.com,TRUE,2024-07-18T12:36:39Z
100000624,100000420,Matthew,Vuong,matthew.v@datascientro.net,TRUE,2024-07-18T11:03:00Z
100000625,100000421,Lucas,Smith,lucas.smith@aiworldcorp.com,TRUE,2024-07-18T21:03:43Z
100000627,100000076,Aiden,Rajan,aiden.rajan@aihub.pro,FALSE,2024-07-18T06:09:19Z
100000633,100000406,Harper,Kane,harper.kane$analyzenet.com,FALSE,2024-07-19T00:40:47Z
100000628,100000422,Natalie,Cook,natalie.cook@logictech.com,TRUE,2024-07-19T15:23:44Z
100000629,100000423,Ava,Flores,ava.flores@cybervis.com,TRUE,2024-07-19T15:58:03Z
100000630,100000424,Aria,Vargas,aria.vargas@techdataexpress.com,TRUE,2024-07-19T09:26:48Z
100000631,100000425,Benjamin,Adams,benjamin.adams@dataflux.io,TRUE,2024-07-19T20:12:30Z
100000632,100000100,Paige,Brown,paige.brown@datavibesinc.com,FALSE,2024-07-19T11:55:05Z
100000634,100000006,Daniel,Khan,daniel.khan@aiscape.biz,FALSE,2024-07-19T18:07:01Z
100000635,100000426,Uriah,Cheng,uriah.cheng@analyticoasis.com,TRUE,2024-07-20T12:37:14Z
100000636,100000427,Lucas,Torres,lucas.torres@insightechsolutions.com,TRUE,2024-07-20T18:53:50Z
100000637,100000428,Ava,Lewis,ava.lewis@solvectoai.com,TRUE,2024-07-20T00:48:21Z
100000638,100000429,Owen,Kelly,owen.kelly@datamindinsight.com,TRUE,2024-07-20T19:35:08Z
100000639,100000009,Rowan,Li,rowan.li@datainsightsolutions.com,FALSE,2024-07-20T03:26:03Z
100000640,100000371,Aaron,Smith,aaron.smith@techdatalink.com,FALSE,2024-07-20T15:11:54Z
100000641,100000430,James,Reed,jreed@datagurus.com,TRUE,2024-07-21T12:59:16Z
100000642,100000431,Ella,Perez,ella.perez@datascripters.com,TRUE,2024-07-21T04:34:26Z
100000643,100000432,Luna,Wu,luna.wu@techpulse.tech,TRUE,2024-07-21T07:17:17Z
100000644,100000425,Liam,Lin,liam.lin@dataflux.io,FALSE,2024-07-21T23:39:38Z
100000645,100000071,Luke,Johnson,luke.johnson@algorithmxco.com,FALSE,2024-07-21T10:25:20Z
100000646,100000433,Scarlett,Menon,scarlett.menon@dataspark.co,TRUE,2024-07-22T20:37:27Z
100000647,100000434,Jaxon,Kim,j.kim@dataignitegroup.com,TRUE,2024-07-22T17:45:07Z
100000648,100000435,Ethan,Gomez,ethangomez@datasynth.io,TRUE,2024-07-22T06:03:31Z
100000649,100000436,Emma,Carter,emmac@datascientistsguild.com,TRUE,2024-07-22T19:32:16Z
100000650,100000402,Carter,Feng,carter.feng@aimind.co,FALSE,2024-07-22T11:07:36Z
100000651,100000059,Zoe,Miller,zoe.miller@techenabledinsights.com,FALSE,2024-07-22T23:40:29Z
100000652,100000437,Harper,King,harper.king@quantumdatalabs.com,TRUE,2024-07-23T01:55:25Z
100000653,100000438,Lana,Huang,lana.huang@sightmindtech.com,TRUE,2024-07-23T02:20:57Z
100000654,100000439,Henry,Wagner,henry.wagner@datalytx.com,TRUE,2024-07-23T17:54:20Z
100000655,100000440,Lucas,Garcia,lucasgarcia@infotechvision.com,TRUE,2024-07-23T04:15:41Z
100000656,100000330,Amelia,Harrison,amelia.harrison@aiaccelerateworks.com,FALSE,2024-07-23T19:36:26Z
100000657,100000020,Aiden,Prasad,aiden.prasad@techknowlogix.com,FALSE,2024-07-23T23:45:13Z
100000658,100000441,James,Kang,james.kang@datafusiontechsolutions.io,TRUE,2024-07-24T18:18:26Z
100000659,100000442,Riley,Russell,riley.russell@insightcloudtech.com,TRUE,2024-07-24T02:30:54Z
100000660,100000443,Israel,Lee,israel.lee@analyticorps.com,TRUE,2024-07-24T16:24:05Z
100000661,100000109,Ella,Fletcher,ella.fletcher@techwave.io,FALSE,2024-07-24T12:57:28Z
100000662,100000105,Zane,Chen,zane.chen@algorithmia.tech,FALSE,2024-07-24T12:09:26Z
100000663,100000444,Stella,Morris,stella.morris@datagility.io,TRUE,2024-07-25T06:22:32Z
100000664,100000445,Elijah,Ramirez,elijah.ramirez@datafusiontechs.org,TRUE,2024-07-25T23:13:48Z
100000665,100000446,Owen,Truong,owentruong@datasciencesystems.com,TRUE,2024-07-25T16:53:02Z
100000666,100000447,Penelope,Baker,penelope.baker@datavibeinc.com,TRUE,2024-07-25T12:47:55Z
100000667,100000426,Nova,Murray,nova.murray@analyticoasis.com,FALSE,2024-07-25T20:37:59Z
100000668,100000037,King,Fleming,king.fleming@datasenseia.com,FALSE,2024-07-25T04:45:39Z
100000669,100000448,Mason,Kim,mason.kim@infotechfusion.com,TRUE,2024-07-26T19:53:12Z
100000670,100000449,Nora,Chen,nora.chen@datascinetech.com,TRUE,2024-07-26T15:14:46Z
100000671,100000450,Jace,Harris,jace.harris@datagistix.com,TRUE,2024-07-26T12:48:09Z
100000672,100000101,Ella,Gray,ella.gray@machinelearnix.com,FALSE,2024-07-26T05:04:35Z
100000673,100000055,Charlie,Ocampo,charlie.ocampo@roboticssolutionsinc.com,FALSE,2024-07-26T20:49:01Z
100000674,100000451,Sarah,Johnson,sarah.johnson@dataspace.ai,TRUE,2024-07-26T22:23:08Z
100000675,100000452,Michael,Garcia,michael.garcia@cloudgenuity.com,TRUE,2024-07-27T01:18:36Z
100000676,100000453,Gabriel,Fisher,gabriel.fisher@datatechinnovate.com,TRUE,2024-07-27T06:26:27Z
100000677,100000454,Levi,Sullivan,levi.sullivan@techsolutions-inc.com,TRUE,2024-07-27T05:17:17Z
100000678,100000455,James,Gonzalez,james.gonzalez@dataaiacademy.com,TRUE,2024-07-27T23:12:44Z
100000679,100000330,Oliver,White,oliver.white@aiaccelerateworks.com,FALSE,2024-07-27T16:36:40Z
100000680,100000038,Ian,Clark,ian.clark@datasolv.com,FALSE,2024-07-27T11:35:50Z
100000684,100000459,Rowan,Vargas,rowan.vargas$cogntechgroup.com,TRUE,2024-07-28T08:58:40Z
100000681,100000456,Mason,Clark,masonclark@smarttechsolutions.com,TRUE,2024-07-28T05:04:52Z
100000682,100000457,Zara,Analytics,zara.analytics@datascionics.biz,TRUE,2024-07-28T15:01:13Z
100000683,100000458,Brody,Malik,bmalik@applieddatainsight.com,TRUE,2024-07-28T18:06:58Z
100000685,100000334,Gavin,Huang,gavin.huang@datagigantica.com,FALSE,2024-07-28T17:56:11Z
100000686,100000207,Gabriel,Diaz,gabriel.diaz@codenova.com,FALSE,2024-07-28T00:19:41Z
100000694,100000010,Oliver,Zhang,oliver.zhang$aialytics.io,FALSE,2024-07-29T04:41:20Z
100000687,100000460,Madison,Deng,madison.deng@datadrivengenius.com,TRUE,2024-07-29T20:28:53Z
100000688,100000461,Silas,Xie,silas.xie@datascope.pro,TRUE,2024-07-29T22:59:40Z
100000689,100000462,Carter,Huang,carter.huang@byteflux.com,TRUE,2024-07-29T22:16:13Z
100000690,100000463,Liam,Feng,liam.feng@neuralscope.com,TRUE,2024-07-29T23:42:47Z
100000691,100000464,Henry,Verma,henry.verma@techviatech.net,TRUE,2024-07-29T09:24:31Z
100000692,100000056,Daniel,Jiang,daniel.jiang@techbrightai.com,FALSE,2024-07-29T10:23:00Z
100000693,100000235,Christopher,Chow,christopher.chow@techinsightgroup.com,FALSE,2024-07-29T07:46:42Z
100000695,100000465,Willa,Liu,willaliu@datakinetix.com,TRUE,2024-07-30T22:13:36Z
100000696,100000466,Luna,Baker,luna.baker@analytitech.io,TRUE,2024-07-30T14:08:31Z
100000697,100000467,Piper,Roy,piper.roy@datalyticai.com,TRUE,2024-07-30T07:50:56Z
100000698,100000468,Luna,Wong,luna.wong@techsparkz.com,TRUE,2024-07-30T17:00:05Z
100000699,100000242,Daisy,Yu,daisy.yu@datawise.com,FALSE,2024-07-30T13:58:00Z
100000700,100000063,Connor,Morris,connor.morris@techmind.io,FALSE,2024-07-30T06:13:02Z
100000701,100000469,Skylar,Hill,skylar.hill@smarttechco.com,TRUE,2024-07-31T18:37:20Z
100000702,100000470,Logan,Harris,lharris@techdataspace.com,TRUE,2024-07-31T17:28:55Z
100000703,100000471,Liam,Bhargava,liam_bhargava@insightflow.com,TRUE,2024-07-31T16:43:02Z
100000704,100000472,Lily,Hernandez,lilyhernandez@cybertechsys.ai,TRUE,2024-07-31T20:55:12Z
100000705,100000133,Benjamin,Griffin,benjamin.griffin@datamine.co,FALSE,2024-07-31T18:22:11Z
100000706,100000261,Hazel,Evans,hazel.evans@intellidatacorp.com,FALSE,2024-07-31T10:13:28Z
100000707,100000473,Jack,O'Connor,jack.oconnor@techfusion.io,TRUE,2024-08-01T04:24:23Z
100000708,100000474,Aurora,Stanley,aurorastanley@techminds.co,TRUE,2024-08-01T16:12:35Z
100000709,100000475,Ethan,Zhang,ethan.z@dataprocessorscorp.com,TRUE,2024-08-01T14:07:56Z
100000710,100000127,Hazel,Wu,hazel.wu@dataspark.com,FALSE,2024-08-01T23:13:31Z
100000711,100000300,Cassandra,Koh,cassandra.koh@analyzixsolutionsinc.com,FALSE,2024-08-01T08:58:37Z
100000712,100000476,Isla,Mohan,isla.mohan@cloudgeniustech.com,TRUE,2024-08-02T10:25:09Z
100000713,100000477,Grayson,Watson,grayson.watson@techdynasty.com,TRUE,2024-08-02T07:18:20Z
100000714,100000478,Gabriel,Stevens,gabriel@cybertechexperts.com,TRUE,2024-08-02T22:35:56Z
100000715,100000479,Caleb,Wong,caleb.wong@neuralabs.com,TRUE,2024-08-02T10:29:36Z
100000716,100000013,Oliver,Yang,oliver.yang@dataviseinc.com,FALSE,2024-08-02T15:30:29Z
100000717,100000331,Jack,Wu,jack.wu@datumtechnologies.com,FALSE,2024-08-02T15:48:00Z
100000718,100000480,Mateo,Li,mateo.li@datariseinc.com,TRUE,2024-08-03T07:56:57Z
100000719,100000481,Layla,Brooks,layla.brooks@brightdatainsights.com,TRUE,2024-08-03T08:48:41Z
100000720,100000482,William,Chen,williamc@infosystemsintel.com,TRUE,2024-08-03T20:43:29Z
100000721,100000483,Brooklyn,Shah,brooklynshah@techpulsecorp.com,TRUE,2024-08-03T15:59:08Z
100000722,100000484,Skylar,Bao,skylar.bao@datagyre.co,TRUE,2024-08-03T15:51:40Z
100000723,100000319,Dylan,Gao,dylan.gao@techvisionary.biz,FALSE,2024-08-03T19:20:56Z
100000724,100000060,Landon,Lu,landon.lu@datavisionary.io,FALSE,2024-08-03T13:56:50Z
100000725,100000485,Ronan,Choi,ronan.choi@datadream.biz,TRUE,2024-08-04T00:09:37Z
100000726,100000486,Hazel,Baker,hazel.baker@datasparkle.net,TRUE,2024-08-04T06:03:27Z
100000727,100000487,John,Doe,john.doe@insightanalytics.com,TRUE,2024-08-04T12:46:27Z
100000728,100000488,Amelia,Wu,amelia.wu@datamentor.co,TRUE,2024-08-04T22:45:40Z
100000729,100000489,Aria,Zhou,aria.zhou@datascope360.com,TRUE,2024-08-04T22:18:40Z
100000730,100000247,Joseph,Nguyen,joseph.nguyen@datacoretech.com,FALSE,2024-08-04T20:53:04Z
100000731,100000185,Theo,Fischer,theo.fischer@technodatagroup.com,FALSE,2024-08-04T02:56:03Z
100000732,100000490,Alice,Smith,alice.smith@dataglobeinc.com,TRUE,2024-08-05T00:51:41Z
100000733,100000491,Clara,King,clara.king@techdatainnovationsinc.com,TRUE,2024-08-05T04:31:06Z
100000734,100000492,Elijah,Chin,elijah.chin@neurondrive.com,TRUE,2024-08-05T09:36:03Z
100000735,100000493,James,Scott,james.scott@techquantum.co,TRUE,2024-08-05T07:41:05Z
100000736,100000494,Luna,Gupta,luna.gupta@datavera.co,TRUE,2024-08-05T16:25:07Z
100000737,100000451,Andrew,Newton,andrew.newton@dataspace.ai,FALSE,2024-08-05T08:04:30Z
100000738,100000106,Charlotte,Lee,charlotte.lee@intellisync.com,FALSE,2024-08-05T18:00:54Z
100000739,100000495,Leo,Kumar,leo.kumar@statistechs.com,TRUE,2024-08-06T07:54:16Z
100000740,100000496,Xander,Lau,xander.lau@infodynamicstech.com,TRUE,2024-08-06T12:59:33Z
100000741,100000497,Quinn,Cameron,q.cameron@cloudminds.com,TRUE,2024-08-06T02:22:23Z
100000742,100000410,Jack,Stone,jack.stone@mindspectrum.tech,FALSE,2024-08-06T21:27:25Z
100000743,100000305,Amelia,Flores,amelia.flores@techvisionary.co,FALSE,2024-08-06T18:21:53Z
100000744,100000498,Benjamin,Young,benjamin.young@innovatechsol.com,TRUE,2024-08-07T16:58:20Z
100000745,100000499,Madison,Kim,madison.kim@quantdiveanalytics.io,TRUE,2024-08-07T11:22:33Z
100000746,100000500,Harper,Kaur,harper.kaur@logicanalyticspro.com,TRUE,2024-08-07T00:41:43Z
100000747,100000501,Ruby,Mukherjee,ruby.mukherjee@datainsightworkshop.org,TRUE,2024-08-07T12:18:38Z
100000748,100000502,Ethan,Gomez,ethangomez@computedata.com,TRUE,2024-08-07T06:18:02Z
100000749,100000199,Scarlett,Singh,scarlett.singh@innovatechcorp.co,FALSE,2024-08-07T12:02:26Z
100000750,100000394,Joseph,Sinha,joseph.sinha@datavisionaryco.com,FALSE,2024-08-07T09:31:07Z
100000751,100000503,Sophie,Gonzalez,sophiegonzalez@thedataagency.co,TRUE,2024-08-08T17:48:33Z
100000752,100000504,Luna,AI,luna.ai@aiinnovators.com,TRUE,2024-08-08T23:38:18Z
100000753,100000505,Michael,Carter,michael.carter@analytico.com,TRUE,2024-08-08T06:23:13Z
100000754,100000506,Eli,Mitchell,eli.mitchell@techlogicanalytics.com,TRUE,2024-08-08T06:42:52Z
100000755,100000052,Michael,Kim,michael.kim@datavisionaire.com,FALSE,2024-08-08T00:33:33Z
100000756,100000507,Parker,Sullivan,parker.sullivan@datagraminstitute.com,TRUE,2024-08-09T01:06:33Z
100000757,100000508,Alexander,Tan,alex.tan@datatechworks.com,TRUE,2024-08-09T09:41:57Z
100000758,100000509,Grayson,Rodriguez,grayson.rodriguez@algothinklabs.com,TRUE,2024-08-09T01:22:24Z
100000759,100000510,Grayson,Luna,grayson.luna@dataflux.com,TRUE,2024-08-09T11:36:14Z
100000760,100000040,Mia,Le,mia.le@techvistix.ai,FALSE,2024-08-09T19:30:51Z
100000761,100000511,Madison,Simmons,madison.simmons@datavortexsolutions.org,TRUE,2024-08-09T22:05:52Z
100000762,100000512,Owen,Jacobs,owen.jacobs@datalytics.ai,TRUE,2024-08-10T04:12:18Z
100000763,100000513,Nathan,Cooper,nate.c@datapulsecorp.com,TRUE,2024-08-10T14:09:29Z
100000764,100000514,Amelia,Gordon,agordon@analyticsenableco.com,TRUE,2024-08-10T07:27:55Z
100000765,100000515,Violet,Evans,violet.evans@techgenicsai.com,TRUE,2024-08-10T22:08:51Z
100000766,100000516,Nora,Scott,nora.scott@analyticalgorithm.com,TRUE,2024-08-10T01:58:02Z
100000767,100000219,Luke,Malik,luke.malik@datavanceco.com,FALSE,2024-08-10T16:07:22Z
100000768,100000006,Lucas,Cloud,lucas.cloud@aiscape.biz,FALSE,2024-08-10T09:18:12Z
100000769,100000517,Ethan,Carter,ecarter@cloudinsightsolutions.com,TRUE,2024-08-11T07:56:23Z
100000770,100000518,Abigail,Collins,abigail.collins@datavisionaries.io,TRUE,2024-08-11T21:41:36Z
100000771,100000519,Elizabeth,Reed,e.reed@analytixio.net,TRUE,2024-08-11T04:18:22Z
100000772,100000520,Theo,Byte,theo.byte@bytebrainz.com,TRUE,2024-08-11T22:53:07Z
100000773,100000052,Roman,Vyas,roman.vyas@datavisionaire.com,FALSE,2024-08-11T10:56:02Z
100000774,100000079,Emma,Scott,emma.scott@datariseai.com,FALSE,2024-08-11T21:02:32Z
100000775,100000521,Jack,Phillips,jack.phillips@techdatainsights.com,TRUE,2024-08-12T18:14:40Z
100000776,100000522,Sarah,Morris,sarah.morris@intellitronix.com,TRUE,2024-08-12T13:09:28Z
100000777,100000523,Jeremiah,Reed,jeremiah.reed@datadreamio.com,TRUE,2024-08-12T14:07:34Z
100000778,100000524,Skylar,Murray,skylar.murray@datagroveinc.com,TRUE,2024-08-12T02:15:48Z
100000779,100000525,Henry,Green,henry.green@datasciencesolutionscorp.com,TRUE,2024-08-12T19:40:20Z
100000780,100000469,Penny,Ward,penny.ward@smarttechco.com,FALSE,2024-08-12T07:10:38Z
100000781,100000464,Katherine,Rao,katherine.rao@techviatech.net,FALSE,2024-08-12T07:43:19Z
100000782,100000526,Hazel,Lu,hazel.lu@analytica.biz,TRUE,2024-08-13T05:11:19Z
100000783,100000527,Stella,Huang,stellah@aiinnovateco.com,TRUE,2024-08-13T04:23:34Z
100000784,100000528,Evelyn,Kim,evelynkim@datavisionariesgroup.com,TRUE,2024-08-13T10:26:50Z
100000785,100000296,Maya,Gomez,maya.gomez@infotechforge.com,FALSE,2024-08-13T17:26:34Z
100000786,100000067,Penny,Moore,penny.moore@techspark.ai,FALSE,2024-08-13T19:33:58Z
100000787,100000529,Kai,Singh,kai.singh@datadynamicssolutions.com,TRUE,2024-08-14T12:25:09Z
100000788,100000530,Nora,Li,norali@techmindlab.org,TRUE,2024-08-14T18:57:35Z
100000789,100000531,Penelope,Choi,penelope.choi@digitalmachines.io,TRUE,2024-08-14T14:18:45Z
100000790,100000532,Asher,Lin,asherlin@cyberdatahub.com,TRUE,2024-08-14T06:04:43Z
100000791,100000533,Zara,Kumar,z.kumar@logicwaretech.com,TRUE,2024-08-14T02:31:32Z
100000792,100000102,Mateo,Liu,mateo.liu@intellisofttechs.com,FALSE,2024-08-14T04:22:06Z
100000793,100000475,Jake,Chang,jake.chang@dataprocessorscorp.com,FALSE,2024-08-14T19:16:15Z
100000794,100000534,Ava,Liu,ava.liu@insightcloud.net,TRUE,2024-08-14T20:49:49Z
100000795,100000535,Kai,Infer,kai.infer@inferdataco.com,TRUE,2024-08-15T00:05:44Z
100000796,100000536,Isaac,Wright,isaac.wright@dataminds.co,TRUE,2024-08-15T22:59:45Z
100000797,100000537,Luke,Herrera,luke.herrera@quanticorp.net,TRUE,2024-08-15T23:57:44Z
100000798,100000258,Nina,Perry,nina.perry@datadirectconnect.com,FALSE,2024-08-15T09:52:03Z
100000799,100000258,Naomi,Kim,naomi.kim@datadirectconnect.com,FALSE,2024-08-15T16:59:32Z
100000803,100000541,Amelia,Lopez,amelia.lopez$dataglide.co,TRUE,2024-08-16T02:30:11Z
100000800,100000538,Finn,Flores,finn.flores@datalyticsedge.com,TRUE,2024-08-16T10:53:57Z
100000801,100000539,Aria,Lee,aria.lee@neurallinktech.com,TRUE,2024-08-16T05:18:10Z
100000802,100000540,Clara,Harrison,clara.harrison@techcrunchlabs.com,TRUE,2024-08-16T13:11:59Z
100000804,100000188,Lincoln,Patel,lincoln.patel@algorhythmix.com,FALSE,2024-08-16T22:42:02Z
100000805,100000157,Hazel,Gordon,hazel.gordon@datainsightsguru.com,FALSE,2024-08-16T11:59:11Z
100000806,100000542,Eva,Chen,eva.chen@datalytics.co,TRUE,2024-08-17T13:09:58Z
100000807,100000543,Giselle,Stevens,g.stevens@intellidataworks.com,TRUE,2024-08-17T23:41:25Z
100000808,100000544,Levi,Murray,levi.murray@logixinsight.com,TRUE,2024-08-17T23:04:23Z
100000809,100000545,Bella,Li,bella.li@algoindustries.com,TRUE,2024-08-17T15:26:35Z
100000810,100000095,Sophia,Techie,sophia.techie@datasolutionsgroup.com,FALSE,2024-08-17T22:35:28Z
100000811,100000380,Ivy,Harvey,ivy.harvey@algoanalytics.io,FALSE,2024-08-17T11:29:56Z
