user_id,org_id,first_name,last_name,email,is_first_user,created_at
100000001,100000001,Aiden,Iyer,aiden.iyer@analytiqsystems.com,TRUE,2024-04-06T04:51:24Z
100000002,100000002,Xander,Fischer,xander.fischer@techsynchrodata.com,TRUE,2024-04-06T11:16:14Z
100000003,100000003,Isabelle,Tan,isabellet@datalyticsco.com,TRUE,2024-04-06T00:40:24Z
100000004,100000004,Harmony,Ngo,harmony.ngo@cybertechco.com,TRUE,2024-04-06T07:42:35Z
100000005,100000002,Olivia,Morales,olivia.morales@techsynchrodata.com,FALSE,2024-04-06T22:19:15Z
100000006,100000001,Aiden,Rivera,aiden.rivera@analytiqsystems.com,FALSE,2024-04-06T18:59:43Z
100000007,100000005,Logan,Cole,logancole@datalyticspace.net,TRUE,2024-04-07T00:43:01Z
100000008,100000006,Hazel,Sullivan,hazel.sullivan@insightcodeco.com,TRUE,2024-04-07T16:57:57Z
100000009,100000007,Max,Kim,max.kim@datapulseai.com,TRUE,2024-04-07T02:53:48Z
100000010,100000008,Mateo,Das,mateo.das@datainnovateco.com,TRUE,2024-04-07T01:13:01Z
100000011,100000004,Grace,Chen,grace.chen@cybertechco.com,FALSE,2024-04-07T19:47:12Z
100000012,100000002,Nora,Gupta,nora.gupta@techsynchrodata.com,FALSE,2024-04-07T14:19:05Z
100000013,100000009,Gavin,Wu,gwu@technovatecorp.com,TRUE,2024-04-08T15:20:54Z
100000014,100000010,Leah,Lopez,leah.lopez@byteflowtech.com,TRUE,2024-04-08T23:47:21Z
100000015,100000011,Nora,Murphy,nora.murphy@techinsightgroup.com,TRUE,2024-04-08T20:26:52Z
100000016,100000005,Oliver,Smith,oliver.smith@datalyticspace.net,FALSE,2024-04-08T23:24:06Z
100000017,100000007,Jackson,Tech,jackson.tech@datapulseai.com,FALSE,2024-04-08T21:01:33Z
100000018,100000012,Benjamin,Li,bli@datametrixinc.com,TRUE,2024-04-09T21:19:36Z
100000019,100000013,Victoria,James,victoria.james@datasciencetechsolutions.com,TRUE,2024-04-09T22:47:46Z
100000020,100000014,Isabella,Rodriguez,irodriguez@cyberdatasol.com,TRUE,2024-04-09T22:54:53Z
100000021,100000015,Evelyn,Scott,escott@datanetiq.ai,TRUE,2024-04-09T21:57:53Z
100000022,100000016,Violet,Wu,violetwu@techdatafutures.com,TRUE,2024-04-09T00:20:18Z
100000023,100000011,Ethan,Nguyen,ethan.nguyen@techinsightgroup.com,FALSE,2024-04-09T03:49:39Z
100000024,100000009,Athena,Huang,athena.huang@technovatecorp.com,FALSE,2024-04-09T04:11:25Z
100000025,100000017,Quinn,Datamine,quinn.datamine@minetechsolutions.com,TRUE,2024-04-10T14:15:38Z
100000026,100000018,Michael,Lu,michael.lu@infolytics.io,TRUE,2024-04-10T07:38:04Z
100000027,100000019,Leo,Huang,leo.huang@datadashforge.com,TRUE,2024-04-10T15:19:50Z
100000028,100000016,Uma,Wong,uma.wong@techdatafutures.com,FALSE,2024-04-10T01:07:40Z
100000029,100000011,Liam,Wu,liam.wu@techinsightgroup.com,FALSE,2024-04-10T02:19:00Z
100000030,100000020,Blake,Bao,blake.bao@techpulsedata.com,TRUE,2024-04-11T17:49:02Z
100000031,100000021,James,Garcia,james.garcia@cloudalgorithmics.com,TRUE,2024-04-11T03:00:49Z
100000032,100000022,Cora,Larson,clarson@techfusion.com,TRUE,2024-04-11T10:17:15Z
100000033,100000023,Nathan,Baker,nathanbaker@datainsightco.com,TRUE,2024-04-11T22:15:23Z
100000034,100000016,Sophia,Subramanian,sophia.subramanian@techdatafutures.com,FALSE,2024-04-11T19:34:21Z
100000035,100000004,Harper,Yung,harper.yung@cybertechco.com,FALSE,2024-04-11T15:29:16Z
100000036,100000024,Lucas,Gupta,lucas.gupta@datadroids.com,TRUE,2024-04-12T16:13:31Z
100000037,100000025,Wendy,Lo,wendy.lo@techbytefusion.com,TRUE,2024-04-12T09:18:13Z
100000038,100000026,Josiah,Butler,josiah.butler@datavolve.io,TRUE,2024-04-12T13:10:26Z
100000039,100000027,Mila,Martinez,mila.martinez@neuralneticsgroup.io,TRUE,2024-04-12T16:50:05Z
100000040,100000013,Lucas,Nguyen,lucas.nguyen@datasciencetechsolutions.com,FALSE,2024-04-12T00:28:41Z
100000041,100000005,Gabriel,Liao,gabriel.liao@datalyticspace.net,FALSE,2024-04-12T13:40:14Z
100000042,100000028,Mia,Carlson,mia.carlson@databoostgenius.ai,TRUE,2024-04-13T06:14:28Z
100000043,100000029,Anya,Kapoor,anya.kapoor@dataempowerlabs.com,TRUE,2024-04-13T20:06:04Z
100000044,100000030,Layla,Reyes,layla.reyes@datalyticscorp.com,TRUE,2024-04-13T11:03:21Z
100000045,100000001,Ella,Huang,ella.huang@analytiqsystems.com,FALSE,2024-04-13T09:25:20Z
100000046,100000024,Lily,Nguyen,lily.nguyen@datadroids.com,FALSE,2024-04-13T19:05:48Z
100000047,100000031,Ivy,Holland,ivy.holland@techanalyticworks.com,TRUE,2024-04-14T12:04:30Z
100000048,100000032,Stella,Shi,stella.shi@dataviztechs.io,TRUE,2024-04-14T18:27:11Z
100000049,100000033,Sophia,Garcia,sophia.garcia@datamindsinc.com,TRUE,2024-04-14T21:14:49Z
100000050,100000034,Lila,Mendoza,lila.mendoza@techbyte.ai,TRUE,2024-04-14T07:48:59Z
100000051,100000002,Samantha,Brown,samantha.brown@techsynchrodata.com,FALSE,2024-04-14T22:34:54Z
100000052,100000020,Zoe,Torres,zoe.torres@techpulsedata.com,FALSE,2024-04-14T13:44:19Z
100000053,100000035,Mia,Hernandez,mia.hernandez@quantumai.com,TRUE,2024-04-15T04:29:20Z
100000054,100000036,Ethan,Parker,ethan.parker@techtrix.com,TRUE,2024-04-15T15:17:36Z
100000055,100000037,Michael,Brown,michael.brown@infradataintel.com,TRUE,2024-04-15T03:50:43Z
100000056,100000038,Quinn,Cameron,q.cameron@cloudminds.com,TRUE,2024-04-15T01:17:00Z
100000057,100000012,Chloe,Nguyen,chloe.nguyen@datametrixinc.com,FALSE,2024-04-15T00:15:20Z
100000058,100000021,Olivia,Kaur,olivia.kaur@cloudalgorithmics.com,FALSE,2024-04-15T19:15:34Z
100000059,100000039,Nora,Chen,nora.chen@datasciencetech.com,TRUE,2024-04-16T03:02:18Z
100000060,100000040,Maya,Wang,maya.wang@analyticinsights.com,TRUE,2024-04-16T02:20:36Z
100000061,100000041,Nathan,Nguyen,nathan.n@smartwaytech.net,TRUE,2024-04-16T12:51:50Z
100000062,100000042,Grace,Vyas,grace.vyas@techquestco.com,TRUE,2024-04-16T03:59:46Z
100000063,100000019,Mia,Brown,mia.brown@datadashforge.com,FALSE,2024-04-16T21:29:33Z
100000064,100000030,Aiden,Kim,aiden.kim@datalyticscorp.com,FALSE,2024-04-16T19:14:02Z
100000065,100000043,Ella,Hughes,ella.hughes@engineeredinsightsco.com,TRUE,2024-04-17T03:34:40Z
100000066,100000044,Henry,Ma,henry.ma@datavision.com,TRUE,2024-04-17T13:24:24Z
100000067,100000045,Willow,Fisher,willowf@techdatalytics.com,TRUE,2024-04-17T17:53:08Z
100000068,100000046,William,Lee,william.lee@quantumanalytica.com,TRUE,2024-04-17T22:27:54Z
100000069,100000013,Luna,Perez,luna.perez@datasciencetechsolutions.com,FALSE,2024-04-17T08:22:17Z
100000070,100000040,Rachel,Tran,rachel.tran@analyticinsights.com,FALSE,2024-04-17T01:17:29Z
100000071,100000047,Sophia,Stone,sophia.stone@datavisionix.com,TRUE,2024-04-18T07:06:30Z
100000072,100000048,Mason,Wu,mason_wu@techinnovationscorp.com,TRUE,2024-04-18T12:25:10Z
100000073,100000049,Liam,Kumar,liam.kumar@algoraithmsol.com,TRUE,2024-04-18T06:34:41Z
100000074,100000050,Ella,Chavez,ella.chavez@mediaanalytix.com,TRUE,2024-04-18T20:53:45Z
100000075,100000051,Nora,Scott,nora.scott@analyticalgorithm.com,TRUE,2024-04-18T18:41:06Z
100000076,100000005,Elijah,Das,elijah.das@datalyticspace.net,FALSE,2024-04-18T18:10:51Z
100000077,100000004,Sophia,Gupta,sophia.gupta@cybertechco.com,FALSE,2024-04-18T19:09:16Z
100000078,100000052,Isaac,Gonzalez,isaac.gonzalez@dataspire.ai,TRUE,2024-04-19T04:46:09Z
100000079,100000053,Eliana,Cook,eliana.cook@datasciensol.com,TRUE,2024-04-19T03:44:46Z
100000080,100000054,James,Chung,jchung@infoquester.com,TRUE,2024-04-19T01:06:17Z
100000081,100000045,Evelyn,Lopez,evelyn.lopez@techdatalytics.com,FALSE,2024-04-19T19:22:16Z
100000082,100000017,Gabriel,Patel,gabriel.patel@minetechsolutions.com,FALSE,2024-04-19T12:58:24Z
100000083,100000055,Lincoln,Rao,lincoln.rao@aiinsights.com,TRUE,2024-04-20T03:51:40Z
100000084,100000056,Olivia,Wang,olivia.w@cyberinfo.org,TRUE,2024-04-20T01:45:48Z
100000085,100000057,Christopher,Reyes,christopher.reyes@techminds.co,TRUE,2024-04-20T07:17:21Z
100000086,100000058,Ezra,Yen,ezra.yen@insightforge.com,TRUE,2024-04-20T07:26:52Z
100000087,100000013,Noah,Parker,noah.parker@datasciencetechsolutions.com,FALSE,2024-04-20T11:44:16Z
100000088,100000053,Mason,Ly,mason.ly@datasciensol.com,FALSE,2024-04-19T23:59:35Z
100000089,100000059,Nora,Rogers,nora.rogers@datatechanalytics.com,TRUE,2024-04-21T00:00:26Z
100000090,100000060,Alexander,Hernandez,alex.hernandez@brainmindlabs.com,TRUE,2024-04-21T22:01:57Z
100000091,100000061,William,Lai,william.lai@datavalidatetech.com,TRUE,2024-04-20T23:56:06Z
100000092,100000062,Mason,Baker,m.baker@algorithma.com,TRUE,2024-04-21T20:22:53Z
100000093,100000063,Finn,Chen,finn.chen@analyticpulse.com,TRUE,2024-04-21T08:56:42Z
100000094,100000029,James,Wilson,james.wilson@dataempowerlabs.com,FALSE,2024-04-21T17:03:31Z
100000095,100000017,Lucas,Herrera,lucas.herrera@minetechsolutions.com,FALSE,2024-04-21T22:50:20Z
100000096,100000064,John,Doe,john.doe@analytitechcorp.com,TRUE,2024-04-22T00:00:14Z
100000097,100000065,Valentino,Lee,valentino.lee@datasynth.co,TRUE,2024-04-22T03:43:30Z
100000098,100000066,Oscar,Nguyen,oscar.nguyen@analyzenta.com,TRUE,2024-04-22T02:27:36Z
100000099,100000067,Eva,Chen,eva.chen@techdatabiz.com,TRUE,2024-04-22T22:38:49Z
100000100,100000029,Ava,Singh,ava.singh@dataempowerlabs.com,FALSE,2024-04-22T00:24:45Z
100000101,100000039,Rhys,Yuan,rhys.yuan@datasciencetech.com,FALSE,2024-04-22T04:36:22Z
100000102,100000068,Dylan,Vargas,dylan.vargas@datawave.ai,TRUE,2024-04-23T15:18:43Z
100000103,100000069,Ellie,Chow,e.chow@iotinsight.co,TRUE,2024-04-23T04:38:36Z
100000104,100000070,Aria,Henderson,aria.henderson@analyticinsightcloud.com,TRUE,2024-04-23T10:26:11Z
100000105,100000071,Aurora,Cheng,aurora.cheng@digitalinsight.co,TRUE,2024-04-23T16:07:41Z
100000106,100000072,Savannah,Sullivan,s.sullivan@techdatamerge.com,TRUE,2024-04-23T12:41:21Z
100000107,100000057,Avery,Huber,avery.huber@techminds.co,FALSE,2024-04-23T22:49:55Z
100000108,100000050,Mia,Patel,mia.patel@mediaanalytix.com,FALSE,2024-04-23T11:02:47Z
100000109,100000073,Abigail,Morris,abigail.morris@datavisionarytech.com,TRUE,2024-04-24T21:05:47Z
100000110,100000074,Rowan,Techtonic,rowan.techtonic@techtonicgroup.com,TRUE,2024-04-24T18:31:56Z
100000111,100000075,Maya,Sullivan,maya.sullivan@datamindtechsolutions.com,TRUE,2024-04-24T00:58:12Z
100000112,100000030,Elizabeth,Richards,elizabeth.richards@datalyticscorp.com,FALSE,2024-04-24T00:43:19Z
100000113,100000008,Cora,Price,cora.price@datainnovateco.com,FALSE,2024-04-24T00:04:57Z
100000114,100000061,Benjamin,Mendoza,benjamin.mendoza@datavalidatetech.com,FALSE,2024-04-24T19:37:06Z
100000115,100000076,Owen,Kelly,owen.kelly@datamindinsight.com,TRUE,2024-04-25T11:18:34Z
100000116,100000077,Noah,Brown,noah.brown@vizionarysolutions.io,TRUE,2024-04-25T03:51:57Z
100000117,100000078,Jackson,Chan,jackson.chan@dataanalystx.com,TRUE,2024-04-25T00:43:39Z
100000118,100000079,Asher,Morris,asher.morris@techgeniusconsulting.com,TRUE,2024-04-25T00:54:58Z
100000119,100000017,Matthew,Fernandez,matthew.fernandez@minetechsolutions.com,FALSE,2024-04-25T16:35:47Z
100000120,100000054,Sebastian,Nguyen,sebastian.nguyen@infoquester.com,FALSE,2024-04-25T01:17:36Z
100000121,100000080,Elena,Chan,elena.chan@dataviews.com,TRUE,2024-04-26T02:21:34Z
100000122,100000081,Sofia,Li,sofiali@datafusiontechsolutions.com,TRUE,2024-04-26T06:52:45Z
100000123,100000082,Jack,Ward,jack.ward@datainnovateinsight.com,TRUE,2024-04-26T15:12:54Z
100000124,100000083,Lana,Chen,lana.chen@techvisionary.biz,TRUE,2024-04-26T07:21:41Z
100000125,100000013,Ava,Jain,ava.jain@datasciencetechsolutions.com,FALSE,2024-04-26T09:58:44Z
100000126,100000061,Phoenix,Wang,phoenix.wang@datavalidatetech.com,FALSE,2024-04-26T19:53:28Z
100000127,100000084,Stella,Shah,sstella@datastreamlabs.com,TRUE,2024-04-27T16:46:16Z
100000128,100000085,Israel,Harvey,i.harvey@techdive.tech,TRUE,2024-04-27T05:34:44Z
100000129,100000086,Archer,Mills,archer.m@datalytics.com,TRUE,2024-04-27T15:09:12Z
100000130,100000087,Sawyer,Dominguez,s.dominguez@algorhythminc.com,TRUE,2024-04-27T10:36:48Z
100000131,100000088,Gabriella,Wang,gabriellawang@techdataanalysts.net,TRUE,2024-04-27T20:46:06Z
100000132,100000081,Ethan,Chua,ethan.chua@datafusiontechsolutions.com,FALSE,2024-04-27T14:05:41Z
100000133,100000068,Adam,Chang,adam.chang@datawave.ai,FALSE,2024-04-27T06:21:28Z
100000134,100000089,Emilia,Chang,emilia.chang@datamerge.io,TRUE,2024-04-28T22:06:32Z
100000135,100000090,Cora,Lee,coralee@dataxcelerate.com,TRUE,2024-04-28T12:33:57Z
100000136,100000091,Emma,Yang,eyang@techdataworks.com,TRUE,2024-04-28T12:18:52Z
100000137,100000092,Polly,Chung,polly.chung@dataprologic.com,TRUE,2024-04-28T05:27:43Z
100000138,100000005,Joseph,Gonzalez,joseph.gonzalez@datalyticspace.net,FALSE,2024-04-28T14:48:16Z
100000139,100000021,Penelope,Lopez,penelope.lopez@cloudalgorithmics.com,FALSE,2024-04-28T18:57:31Z
100000140,100000093,Daisy,Singh,daisy.singh@intellisyspro.com,TRUE,2024-04-29T05:58:45Z
100000141,100000094,Ethan,Pillai,ethan@techbyte.com,TRUE,2024-04-29T15:41:37Z
100000142,100000095,Isla,Kumar,isla.kumar@datagenius.biz,TRUE,2024-04-29T09:37:11Z
100000143,100000047,Jack,Jordan,jack.jordan@datavisionix.com,FALSE,2024-04-29T20:34:32Z
100000144,100000038,Piper,Datafusion,piper.datafusion@cloudminds.com,FALSE,2024-04-29T13:21:25Z
100000145,100000096,Charlotte,Chang,charlotte.chang@datavault.co,TRUE,2024-04-30T16:38:20Z
100000146,100000097,Nina,Graham,nina.graham@techbyte.co,TRUE,2024-04-30T02:16:29Z
100000147,100000098,Lily,Nguyen,lily.nguyen@infotechsol.com,TRUE,2024-04-30T10:42:09Z
100000148,100000004,Simon,Malhotra,simon.malhotra@cybertechco.com,FALSE,2024-04-30T09:41:41Z
100000149,100000002,Olivia,Wu,olivia.wu@techsynchrodata.com,FALSE,2024-04-30T00:54:46Z
100000150,100000081,Anya,Wang,anya.wang@datafusiontechsolutions.com,FALSE,2024-04-30T12:43:45Z
100000151,100000099,Noah,Chu,noah.chu@datadynamiqz.com,TRUE,2024-05-01T16:18:11Z
100000152,100000100,Isabella,Garcia,isabella.garcia@dataviewsolutions.com,TRUE,2024-05-01T08:55:15Z
100000153,100000101,Serenity,Tran,serenity.t@aiquestech.org,TRUE,2024-05-01T06:43:41Z
100000154,100000102,Nova,Li,nova.li@datascienceworldwide.com,TRUE,2024-05-01T15:13:38Z
100000155,100000103,Adam,Fernandez,adam.fernandez@datasciencetechs.com,TRUE,2024-05-01T13:07:40Z
100000156,100000026,Jackson,Nguyen,jackson.nguyen@datavolve.io,FALSE,2024-04-30T23:57:27Z
100000157,100000009,Austin,Lee,austin.lee@technovatecorp.com,FALSE,2024-05-01T10:55:26Z
100000158,100000104,Brandon,Tan,brandon.tan@infoguru.co,TRUE,2024-05-02T06:53:18Z
100000159,100000105,William,Martinez,william.martinez@visualtechsolutions.com,TRUE,2024-05-02T20:18:00Z
100000160,100000106,Ezra,Wu,ezra.wu@quantumdataco.com,TRUE,2024-05-02T22:09:34Z
100000161,100000107,Levi,Gupta,levi.gupta@datacogix.com,TRUE,2024-05-02T00:50:56Z
100000162,100000055,Lucy,Li,lucy.li@aiinsights.com,FALSE,2024-05-02T05:01:38Z
100000163,100000045,Serena,Gao,serena.gao@techdatalytics.com,FALSE,2024-05-01T23:58:26Z
100000164,100000108,Maya,Rajan,mayarajan@dataventure.io,TRUE,2024-05-03T04:28:48Z
100000165,100000109,Olivia,Murphy,olivia.murphy@mindspectrum.tech,TRUE,2024-05-03T08:40:24Z
100000166,100000110,William,Li,william.li@techbytesco.com,TRUE,2024-05-03T05:27:39Z
100000167,100000111,Sophia,Martinez,sophia.martinez@artificialbrainco.com,TRUE,2024-05-03T22:26:07Z
100000168,100000043,Penelope,Chandra,penelope.chandra@engineeredinsightsco.com,FALSE,2024-05-03T01:33:14Z
100000169,100000112,Sophia,Lee,sophia.lee@datasolutions4u.com,TRUE,2024-05-04T07:43:45Z
100000170,100000113,Grace,Gordon,ggordon@datafusiontech.com,TRUE,2024-05-04T22:53:11Z
100000171,100000114,Madison,Wang,madison.wang@datamegacorp.com,TRUE,2024-05-04T06:34:34Z
100000172,100000081,Axel,Chen,axel.chen@datafusiontechsolutions.com,FALSE,2024-05-04T07:53:45Z
100000173,100000031,Grace,Adams,grace.adams@techanalyticworks.com,FALSE,2024-05-04T17:49:28Z
100000174,100000115,Finn,Santos,finn_santos@datalytica.com,TRUE,2024-05-05T20:27:50Z
100000175,100000116,Amelia,Baker,amelia.baker@intellectdatasolutions.com,TRUE,2024-05-05T04:21:40Z
100000176,100000117,Lillian,Kwon,lillian.kwon@datalasersystems.com,TRUE,2024-05-05T12:13:03Z
100000177,100000118,Liam,Johnson,liam.johnson@statsmiths.ai,TRUE,2024-05-05T11:17:40Z
100000178,100000056,Liam,Singh,liam.singh@cyberinfo.org,FALSE,2024-05-05T12:13:07Z
100000179,100000103,Josiah,Howard,josiah.howard@datasciencetechs.com,FALSE,2024-05-05T23:04:31Z
100000180,100000119,Amelia,Perez,amelia.perez@datalyticsinc.com,TRUE,2024-05-06T04:30:26Z
100000181,100000120,Addison,Martinez,addison.m@infosoftco.com,TRUE,2024-05-06T05:42:16Z
100000182,100000121,Ava,Johnson,ava.johnson@intellidatainc.co,TRUE,2024-05-06T04:44:15Z
100000183,100000122,Lucas,Reed,lucas.reed@analyticgen.com,TRUE,2024-05-06T20:32:16Z
100000184,100000009,Louis,Ramirez,louis.ramirez@technovatecorp.com,FALSE,2024-05-06T03:21:55Z
100000185,100000093,Ava,Tan,ava.tan@intellisyspro.com,FALSE,2024-05-06T23:17:07Z
100000186,100000123,Logan,Chang,logan.chang@aiwaveco.com,TRUE,2024-05-07T23:37:28Z
100000187,100000124,William,Gupta,william.gupta@datamind.com,TRUE,2024-05-07T18:21:13Z
100000188,100000125,Mila,Vasquez,milav@insightode.com,TRUE,2024-05-07T05:16:23Z
100000189,100000126,Mason,Martinez,mason.martinez@analyzeitgroup.com,TRUE,2024-05-07T20:08:01Z
100000190,100000127,Ethan,Chowdhury,ethan.chowdhury@techluminai.com,TRUE,2024-05-07T15:14:27Z
100000191,100000020,Polly,Chen,polly.chen@techpulsedata.com,FALSE,2024-05-07T00:15:36Z
100000192,100000011,William,Peters,william.peters@techinsightgroup.com,FALSE,2024-05-07T21:59:01Z
100000193,100000128,Owen,Scott,owenscott@softwaredataco.com,TRUE,2024-05-08T06:02:33Z
100000194,100000129,Lincoln,Huang,lincoln.huang@insightdatalabs.com,TRUE,2024-05-08T22:15:44Z
100000195,100000130,Oliver,Zhang,oliver.zhang@machinelearnify.com,TRUE,2024-05-08T14:52:32Z
100000196,100000131,Axel,Chen,axel.chen@logicdatatechco.com,TRUE,2024-05-08T02:49:16Z
100000197,100000072,Ainsley,Simmons,ainsley.simmons@techdatamerge.com,FALSE,2024-05-08T22:15:30Z
100000198,100000058,Elijah,Chen,elijah.chen@insightforge.com,FALSE,2024-05-08T12:28:10Z
100000199,100000132,Lilith,Adams,ladams@aiquest.com,TRUE,2024-05-09T06:18:21Z
100000200,100000133,Max,Mitchell,max.mitchell@quantumtechs.io,TRUE,2024-05-09T21:23:28Z
100000201,100000134,Elijah,Tran,elijah_tran@bigdataprofs.com,TRUE,2024-05-09T08:53:35Z
100000202,100000135,Ava,Gupta,avagupta@datamentorinc.com,TRUE,2024-05-09T20:14:29Z
100000203,100000136,Peyton,Datatech,peyton.datatech@datatechvision.com,TRUE,2024-05-08T23:52:55Z
100000204,100000042,Evelyn,Wang,evelyn.wang@techquestco.com,FALSE,2024-05-09T16:01:00Z
100000205,100000058,Lily,Tiwari,lily.tiwari@insightforge.com,FALSE,2024-05-09T14:30:48Z
100000206,100000137,Lucas,Truong,lucastruong@brightdatasys.tech,TRUE,2024-05-10T11:58:41Z
100000207,100000138,Riley,Fernandez,riley.fernandez@datafocusgroup.com,TRUE,2024-05-10T01:13:46Z
100000208,100000139,Noah,Srivastava,noah.srivastava@analytec.com,TRUE,2024-05-10T22:59:23Z
100000209,100000140,Luna,Chen,luna.chen@datasciencecorp.com,TRUE,2024-05-10T09:51:55Z
100000210,100000110,Makayla,Ngo,makayla.ngo@techbytesco.com,FALSE,2024-05-10T04:18:16Z
100000211,100000133,Asher,Kim,asher.kim@quantumtechs.io,FALSE,2024-05-10T15:48:36Z
100000212,100000141,Ruby,Mukherjee,ruby.mukherjee@datainsightworkshop.org,TRUE,2024-05-11T20:11:46Z
100000213,100000142,Lochlan,Chu,lochlan.chu@techvantage.com,TRUE,2024-05-11T04:38:32Z
100000214,100000143,Emilia,Chan,emilia.chan@techfuturaco.com,TRUE,2024-05-11T02:45:36Z
100000215,100000125,David,Perez,david.perez@insightode.com,FALSE,2024-05-11T12:55:19Z
100000216,100000070,Christian,Cognition,christian.cognition@analyticinsightcloud.com,FALSE,2024-05-11T01:29:06Z
100000217,100000144,Elijah,Lin,elijah.lin@datatrendlabs.com,TRUE,2024-05-12T02:01:55Z
100000218,100000145,Avery,Kumar,avery.kumar@dataforge.biz,TRUE,2024-05-12T03:10:46Z
100000219,100000146,Zara,Rivas,zara_rivas@datanalysis.com,TRUE,2024-05-12T06:11:00Z
100000220,100000147,Violet,Wu,violet.wu@elluminatiinc.com,TRUE,2024-05-12T09:14:21Z
100000221,100000148,Olive,Lin,olivelin@analyzify.com,TRUE,2024-05-12T01:09:30Z
100000222,100000063,Aurora,Liu,aurora.liu@analyticpulse.com,FALSE,2024-05-12T20:03:35Z
100000223,100000117,Penelope,Kim,penelope.kim@datalasersystems.com,FALSE,2024-05-12T09:33:34Z
100000224,100000149,Isla,Lee,isla.lee@analytech.com,TRUE,2024-05-13T21:53:43Z
100000225,100000150,Harper,Huang,harper.huang@analyzifyco.com,TRUE,2024-05-13T06:23:28Z
100000226,100000151,Henry,Olsen,henry.olsen@intelligencewave.com,TRUE,2024-05-13T00:38:49Z
100000227,100000152,Lorelei,Rain,lorelei.rain@techsparkle.com,TRUE,2024-05-13T06:11:29Z
100000228,100000153,Raegan,Sinha,raegan.sinha@techinsightlabs.com,TRUE,2024-05-13T14:31:20Z
100000229,100000092,Christopher,Patel,christopher.patel@dataprologic.com,FALSE,2024-05-13T06:46:49Z
100000230,100000010,Lucas,Nguyen,lucas.nguyen@byteflowtech.com,FALSE,2024-05-13T08:34:41Z
100000231,100000154,Nora,Wong,nora.wong@datavise.com,TRUE,2024-05-14T23:06:20Z
100000232,100000155,Aiden,AI,aiden.ai@aiontechsolutions.com,TRUE,2024-05-14T12:59:21Z
100000233,100000156,Ethan,Kim,ekim@datacogroup.com,TRUE,2024-05-14T22:57:15Z
100000234,100000045,Nora,Price,nora.price@techdatalytics.com,FALSE,2024-05-14T05:36:31Z
100000235,100000078,Daniel,Yao,daniel.yao@dataanalystx.com,FALSE,2024-05-14T15:55:53Z
100000236,100000085,Ryan,Brown,ryan.brown@techdive.tech,FALSE,2024-05-14T14:27:57Z
100000237,100000157,Sam,Jackson,sam.jackson@dynamicinsight.com,TRUE,2024-05-15T12:32:37Z
100000238,100000158,Skylar,Biswas,skylar.biswas@datadashia.com,TRUE,2024-05-15T03:42:46Z
100000239,100000159,Phoenix,Gomez,phoenix.gomez@datamergeco.com,TRUE,2024-05-15T04:22:34Z
100000240,100000160,Milo,Chang,milochang@datascope.ai,TRUE,2024-05-15T09:35:56Z
100000241,100000161,Lily,Chu,lily.chu@aiexpertise.com,TRUE,2024-05-15T16:24:14Z
100000242,100000066,Phoenix,Perez,phoenix.perez@analyzenta.com,FALSE,2024-05-15T00:07:17Z
100000243,100000105,Charlie,Martinez,charlie.martinez@visualtechsolutions.com,FALSE,2024-05-15T00:21:58Z
100000244,100000162,Lily,Singh,lilysingh@techtronic.io,TRUE,2024-05-16T18:04:31Z
100000245,100000163,David,James,david.james@aiinnovatehub.com,TRUE,2024-05-16T18:05:27Z
100000246,100000164,Olivia,Ford,olivia.ford@techwaveanalytics.io,TRUE,2024-05-16T19:31:54Z
100000247,100000165,Sienna,Gupta,sienna.g@techcruise.net,TRUE,2024-05-16T05:15:41Z
100000248,100000166,Amelia,Ramachandran,amelia.ramachandran@datasenseiq.com,TRUE,2024-05-16T16:28:35Z
100000249,100000037,Ivy,Singh,ivy.singh@infradataintel.com,FALSE,2024-05-16T13:19:41Z
100000250,100000130,Alice,Lee,alice.lee@machinelearnify.com,FALSE,2024-05-16T16:12:32Z
100000251,100000167,Milo,Gandhi,milo.gandhi@techcomputeiq.com,TRUE,2024-05-17T11:55:45Z
100000252,100000168,Wyatt,Nair,wnair@intellidata.io,TRUE,2024-05-17T18:28:18Z
100000253,100000169,Owen,Xie,owen.xie@aiaccelerate.net,TRUE,2024-05-17T04:23:26Z
100000254,100000170,Logan,Chan,lchan@analyticworks.com,TRUE,2024-05-17T04:41:30Z
100000255,100000100,Muhammad,Chang,muhammad.chang@dataviewsolutions.com,FALSE,2024-05-17T18:14:40Z
100000256,100000166,Nathan,Gandhi,nathan.gandhi@datasenseiq.com,FALSE,2024-05-17T05:09:05Z
100000257,100000171,Mira,Chen,mira_chen@neuralenetiq.com,TRUE,2024-05-18T14:31:01Z
100000258,100000172,Jayden,Sullivan,jayden-sullivan@simplifydatacorp.com,TRUE,2024-05-18T09:35:15Z
100000259,100000173,Jack,Phillips,jack.phillips@techdatainsights.com,TRUE,2024-05-18T00:53:47Z
100000260,100000174,Evelyn,Torres,evelyn.torres@techforwardthinking.com,TRUE,2024-05-18T20:41:00Z
100000261,100000028,Isabella,Zhang,isabella.zhang@databoostgenius.ai,FALSE,2024-05-18T19:57:54Z
100000262,100000040,Matthew,Gordon,matthew.gordon@analyticinsights.com,FALSE,2024-05-18T07:47:27Z
100000263,100000175,Abigail,Price,abigail.price@datalyze.io,TRUE,2024-05-19T18:41:36Z
100000264,100000176,Ethan,Brown,ethan.brown@datasolve.com,TRUE,2024-05-19T03:12:48Z
100000265,100000177,Hannah,Leung,hleung@aiwizardtech.com,TRUE,2024-05-19T20:05:02Z
100000266,100000145,Hannah,Fernandez,hannah.fernandez@dataforge.biz,FALSE,2024-05-19T12:07:34Z
100000267,100000091,Liam,Lynch,liam.lynch@techdataworks.com,FALSE,2024-05-19T17:51:18Z
100000268,100000178,Nina,Smart,nina.smart@intellifycorp.com,TRUE,2024-05-20T18:16:56Z
100000269,100000179,Ian,Wang,ianwang@datacog.tech,TRUE,2024-05-20T07:28:10Z
100000270,100000180,Josie,Huang,josie.huang@datalyticaconsultants.com,TRUE,2024-05-20T22:44:32Z
100000271,100000181,Bella,Kim,kim.bella@techforwardtech.com,TRUE,2024-05-20T05:45:06Z
100000272,100000020,Yara,Rivera,yara.rivera@techpulsedata.com,FALSE,2024-05-20T04:57:08Z
100000273,100000182,Hannah,Marsh,hannah.marsh@artificialmindtech.com,TRUE,2024-05-21T01:02:13Z
100000274,100000183,Wendy,Chong,wendy.chong@digilabsolutions.com,TRUE,2024-05-21T21:29:17Z
100000275,100000184,Alice,Smith,alice.smith@dataengineersinc.com,TRUE,2024-05-21T06:45:01Z
100000276,100000185,Ava,Krishnan,ava.krishnan@cyberlogix.com,TRUE,2024-05-21T05:23:23Z
100000277,100000186,Aria,Williams,aria.williams@newtechinsight.com,TRUE,2024-05-21T21:01:30Z
100000278,100000013,Henry,Kumar,henry.kumar@datasciencetechsolutions.com,FALSE,2024-05-21T00:20:59Z
100000279,100000187,Bianca,Liu,bianca.liu@techconnects.co,TRUE,2024-05-22T23:22:26Z
100000280,100000188,Harper,Chen,harper101@datasoftwaresol.com,TRUE,2024-05-22T15:15:51Z
100000281,100000189,Sebastian,White,sebastian.white@aialytics.io,TRUE,2024-05-22T09:41:23Z
100000282,100000110,Astrid,Zhao,astrid.zhao@techbytesco.com,FALSE,2024-05-22T19:30:22Z
100000283,100000123,Nora,Collins,nora.collins@aiwaveco.com,FALSE,2024-05-22T00:25:09Z
100000284,100000190,William,Martinez,william.martinez@predictivebytes.com,TRUE,2024-05-23T23:45:20Z
100000285,100000191,Lucas,Kulkarni,lkulkarni@sensewise.com,TRUE,2024-05-23T03:38:18Z
100000286,100000192,Aria,Liu,aria.liu@techdataprosolutions.com,TRUE,2024-05-23T08:20:21Z
100000287,100000193,William,Tran,wtran@innovatixsolutions.com,TRUE,2024-05-23T03:51:49Z
100000288,100000194,Caleb,Sanchez,calebsanchez@datalyticsgroup.com,TRUE,2024-05-23T17:49:36Z
100000289,100000161,Daniel,Curtis,daniel.curtis@aiexpertise.com,FALSE,2024-05-23T09:57:00Z
100000290,100000052,Olivia,Chin,olivia.chin@dataspire.ai,FALSE,2024-05-23T16:28:00Z
100000291,100000195,Nathan,Ross,nathan.ross@digivision.co,TRUE,2024-05-24T02:55:48Z
100000292,100000196,Aria,Parker,aria.parker@aiinsight.pro,TRUE,2024-05-24T07:03:06Z
100000293,100000197,Finn,Gomez,fgomez@neurodataworks.com,TRUE,2024-05-24T17:29:45Z
100000294,100000198,Ava,Choi,ava.choi@datawaveinnovate.com,TRUE,2024-05-24T17:23:33Z
100000295,100000015,Stella,Khan,stella.khan@datanetiq.ai,FALSE,2024-05-24T00:13:51Z
100000296,100000192,Amelia,Clark,amelia.clark@techdataprosolutions.com,FALSE,2024-05-24T16:31:01Z
100000297,100000199,Nora,Zhang,nora.zhang@techdatawave.io,TRUE,2024-05-25T17:58:34Z
100000298,100000200,William,Martinez,william.martinez@datalore.com,TRUE,2024-05-25T06:54:57Z
100000299,100000201,Michael,Brown,michael.brown@mindfuldataco.com,TRUE,2024-05-25T08:27:23Z
100000300,100000202,Samuel,Zhou,samuel.zhou@intelligenix.com,TRUE,2024-05-25T19:06:34Z
100000301,100000024,Nicole,Peterson,nicole.peterson@datadroids.com,FALSE,2024-05-25T19:44:18Z
100000302,100000013,Sophie,Lam,sophie.lam@datasciencetechsolutions.com,FALSE,2024-05-25T03:37:33Z
100000303,100000203,Ethan,Gomez,ethangomez@datasynth.io,TRUE,2024-05-26T19:46:53Z
100000304,100000204,Gavin,Lewis,gavin.lewis@cloudtech.co,TRUE,2024-05-26T16:26:55Z
100000305,100000205,Avery,Lam,avery.lam@databrightinsight.com,TRUE,2024-05-26T08:24:23Z
100000306,100000206,Maya,Garcia,maya.garcia@techdataanalyticalsolutions.com,TRUE,2024-05-26T00:17:20Z
100000307,100000064,Sofia,Feng,sofia.feng@analytitechcorp.com,FALSE,2024-05-26T17:28:28Z
100000308,100000109,Amaya,Nguyen,amaya.nguyen@mindspectrum.tech,FALSE,2024-05-26T20:27:06Z
100000309,100000207,Noah,Singh,noahsingh@datascientificinsightsinc.com,TRUE,2024-05-27T20:35:44Z
100000310,100000208,Molly,Wang,molly.wang@aifusion.co,TRUE,2024-05-27T20:58:02Z
100000311,100000209,Aria,Garcia,agarcia@intelligentdatainc.com,TRUE,2024-05-27T07:15:17Z
100000312,100000210,Charlotte,Zheng,charlottezheng@datastrivecorp.com,TRUE,2024-05-27T09:03:02Z
100000313,100000211,Oscar,Liu,oscar.liu@analytica.co,TRUE,2024-05-27T01:24:01Z
100000314,100000134,Samantha,Ng,samantha.ng@bigdataprofs.com,FALSE,2024-05-27T13:13:34Z
100000315,100000173,Maya,Garcia,maya.garcia@techdatainsights.com,FALSE,2024-05-27T18:54:00Z
100000316,100000212,Andromeda,Whisper,andromeda@techharbor.com,TRUE,2024-05-28T06:05:43Z
100000317,100000213,Adam,Garcia,adam.garcia@datavisionariesinc.com,TRUE,2024-05-28T18:53:18Z
100000318,100000214,Maya,Park,maya.park@techbeam.io,TRUE,2024-05-28T21:06:12Z
100000319,100000215,William,Lewis,william.lewis@automotivetrax.com,TRUE,2024-05-28T17:16:11Z
100000320,100000055,Harper,Malhotra,harper.malhotra@aiinsights.com,FALSE,2024-05-28T00:29:37Z
100000321,100000216,Willow,Walsh,willow.walsh@geniusdataai.com,TRUE,2024-05-29T19:32:56Z
100000322,100000217,Mason,He,mason.he@arcanalytics.com,TRUE,2024-05-29T20:40:26Z
100000323,100000218,Isabel,Chung,isabel.chung@datariseiq.com,TRUE,2024-05-29T16:23:04Z
100000324,100000219,Nora,Patel,nora.patel@datatechfusion.com,TRUE,2024-05-29T17:42:42Z
100000325,100000049,Hazel,Garcia,hazel.garcia@algoraithmsol.com,FALSE,2024-05-29T15:52:47Z
100000326,100000168,Benjamin,Ali,benjamin.ali@intellidata.io,FALSE,2024-05-29T09:39:58Z
100000327,100000220,Sean,Wang,sean.wang@cipherinsights.com,TRUE,2024-05-30T05:32:02Z
100000328,100000221,Michael,Hernandez,michael.hernandez@smartcodeai.com,TRUE,2024-05-30T02:59:28Z
100000329,100000222,Violet,Peterson,violet.p@techsightco.com,TRUE,2024-05-30T02:06:55Z
100000330,100000223,Violet,Butler,violet.butler@analyticinsightsco.com,TRUE,2024-05-30T04:59:48Z
100000331,100000048,Claire,Tan,claire.tan@techinnovationscorp.com,FALSE,2024-05-30T18:46:05Z
100000332,100000021,Benjamin,Ford,benjamin.ford@cloudalgorithmics.com,FALSE,2024-05-30T06:44:58Z
100000333,100000224,Finn,Cloud,finn.cloud@cloudtechlabs.com,TRUE,2024-05-31T02:08:49Z
100000334,100000225,Alia,Singh,alia.singh@analyticcloudsolutions.org,TRUE,2024-05-31T18:03:41Z
100000335,100000226,Zara,Shah,zara.shah@neuralthinkers.com,TRUE,2024-05-31T06:49:24Z
100000336,100000227,Leia,Hawthorne,leia.hawthorne@datavolveco.com,TRUE,2024-05-31T10:47:48Z
100000337,100000209,Elijah,Torres,elijah.torres@intelligentdatainc.com,FALSE,2024-05-31T17:14:04Z
100000338,100000105,Ivy,Miller,ivy.miller@visualtechsolutions.com,FALSE,2024-05-31T11:35:48Z
100000339,100000228,James,Kim,james.kim@analytictrendsinc.com,TRUE,2024-06-01T21:25:03Z
100000340,100000229,Zoe,Sanchez,zoe.sanchez@techbeam.ai,TRUE,2024-06-01T20:14:49Z
100000341,100000230,Adrian,Kohli,adrian.kohli@technologicsol.com,TRUE,2024-06-01T03:16:30Z
100000342,100000231,Matthew,Chow,matthewchow@dynamicdatalabs.com,TRUE,2024-06-01T19:14:56Z
100000343,100000141,Violet,Ford,violet.ford@datainsightworkshop.org,FALSE,2024-06-01T23:06:03Z
100000344,100000101,James,Zhao,james.zhao@aiquestech.org,FALSE,2024-06-01T08:01:53Z
100000345,100000232,Asher,Lin,asherlin@cyberdatahub.com,TRUE,2024-06-02T17:26:25Z
100000346,100000233,Caleb,Chung,caleb.chung@brainmindtech.com,TRUE,2024-06-02T05:29:56Z
100000347,100000234,Ada,Lopez,ada.lopez@aiinsightech.com,TRUE,2024-06-02T03:23:29Z
100000348,100000235,Aria,Choi,aria.choi@analyticsensecorp.com,TRUE,2024-06-02T23:01:50Z
100000349,100000138,Zoe,Parker,zoe.parker@datafocusgroup.com,FALSE,2024-06-02T07:31:52Z
100000350,100000039,Nora,Young,nora.young@datasciencetech.com,FALSE,2024-06-02T04:11:13Z
100000351,100000236,Evelyn,Scott,evelyn.scott@analytixsai.com,TRUE,2024-06-03T14:45:15Z
100000352,100000237,Mia,Vu,mia.vu@codevityinc.com,TRUE,2024-06-03T07:51:38Z
100000353,100000238,Madison,Price,madison.price@techpulseco.com,TRUE,2024-06-03T14:15:47Z
100000354,100000010,Sebastian,Choi,sebastian.choi@byteflowtech.com,FALSE,2024-06-03T13:15:58Z
100000355,100000052,Liam,Cameron,liam.cameron@dataspire.ai,FALSE,2024-06-03T23:10:03Z
100000356,100000239,Sophia,Scott,sophia.scott@datablueprint.xyz,TRUE,2024-06-04T07:44:21Z
100000357,100000240,Alexa,Jain,alexa.jain@dataintellect.co,TRUE,2024-06-04T03:29:39Z
100000358,100000241,Luna,Chen,luna.chen@techdataalgorithmssystems.com,TRUE,2024-06-04T21:44:45Z
100000359,100000242,Ella,Ramos,ella@intelligenictechnology.com,TRUE,2024-06-04T05:36:31Z
100000360,100000243,Grace,Kumar,grace.k@dataenginify.com,TRUE,2024-06-04T07:04:36Z
100000361,100000045,Gabriel,Bennett,gabriel.bennett@techdatalytics.com,FALSE,2024-06-04T01:42:58Z
100000362,100000154,Bryce,Sinha,bryce.sinha@datavise.com,FALSE,2024-06-04T04:35:08Z
100000363,100000244,Charlotte,Khan,charlotte.khan@codecrafters.com,TRUE,2024-06-05T20:27:54Z
100000364,100000245,Gabriel,Hernandez,ghernandez@datawiseinc.com,TRUE,2024-06-05T22:34:24Z
100000365,100000246,Charlotte,Cruz,charlotte.cruz@datasyncsystems.com,TRUE,2024-06-05T03:30:58Z
100000366,100000247,Luna,Kumar,lkumar@datanalyticsgroup.com,TRUE,2024-06-05T05:42:19Z
100000367,100000248,Leah,Wang,leah.wang@innov8tech.net,TRUE,2024-06-05T21:06:14Z
100000368,100000019,Lucas,Park,lucas.park@datadashforge.com,FALSE,2024-06-05T01:31:00Z
100000369,100000142,Alice,Delgado,alice.delgado@techvantage.com,FALSE,2024-06-05T10:11:22Z
100000370,100000249,Peter,Scott,p.scott@machinelearningcorp.com,TRUE,2024-06-06T06:35:11Z
100000371,100000250,Peyton,Wu,peyton.wu@datawaveco.com,TRUE,2024-06-06T21:12:25Z
100000372,100000251,Rowan,Vargas,rowan.vargas@cogntechgroup.com,TRUE,2024-06-06T03:54:06Z
100000373,100000252,Elle,Yang,elle.yang@techstractor.com,TRUE,2024-06-06T05:54:12Z
100000374,100000106,Henry,Patel,henry.patel@quantumdataco.com,FALSE,2024-06-06T03:48:21Z
100000375,100000031,Oliver,Nova,oliver.nova@techanalyticworks.com,FALSE,2024-06-06T04:43:11Z
100000376,100000253,Aaron,Hughes,aaron.hughes@techalgosolutions.com,TRUE,2024-06-07T20:35:55Z
100000377,100000254,Aria,Singh,arias@datascienamics.com,TRUE,2024-06-07T01:39:40Z
100000378,100000255,Kai,Hsu,kai.hsu@intelliconsultech.com,TRUE,2024-06-07T09:52:45Z
100000379,100000256,Aidan,Rose,aidan@analyticalliance.com,TRUE,2024-06-07T12:59:37Z
100000380,100000257,Gabriel,Bowman,gabriel.bowman@techlogic.com,TRUE,2024-06-07T17:50:29Z
100000381,100000005,Noah,Patel,noah.patel@datalyticspace.net,FALSE,2024-06-07T19:13:00Z
100000382,100000179,Josie,Yao,josie.yao@datacog.tech,FALSE,2024-06-07T03:12:06Z
100000383,100000258,Harper,Jones,harper.jones@neuralinksys.com,TRUE,2024-06-08T05:26:18Z
100000384,100000259,Violet,Mohan,violetmohan@datadash.co,TRUE,2024-06-08T07:09:33Z
100000385,100000260,Oscar,Wong,oscar.wong@analyticinsight.com,TRUE,2024-06-08T07:46:36Z
100000386,100000261,Jasper,Choi,jasper.choi@digitrekai.com,TRUE,2024-06-08T17:05:07Z
100000387,100000042,Amelia,Lee,amelia.lee@techquestco.com,FALSE,2024-06-08T08:39:41Z
100000388,100000080,Lily,Gomez,lily.gomez@dataviews.com,FALSE,2024-06-08T12:11:48Z
100000389,100000262,Elijah,Yao,elijah.yao@dataminds.com,TRUE,2024-06-09T13:59:50Z
100000390,100000263,Zara,Huang,zara.huang@analyzercloud.com,TRUE,2024-06-09T10:27:18Z
100000391,100000264,Mia,Perry,miaperry@analyticspace.io,TRUE,2024-06-09T11:49:13Z
100000392,100000265,Arlo,Sparks,arlo.sparks@neuraldatagroup.com,TRUE,2024-06-09T21:05:05Z
100000393,100000266,Gavin,Wong,gav.wong@datathrivegroup.com,TRUE,2024-06-09T08:03:30Z
100000394,100000208,Kai,AI,kai.ai@aifusion.co,FALSE,2024-06-09T06:29:30Z
100000395,100000245,Leo,Patil,leo.patil@datawiseinc.com,FALSE,2024-06-09T05:20:28Z
100000396,100000267,Xander,Lau,xander.lau@infodynamicstech.com,TRUE,2024-06-10T16:17:59Z
100000397,100000268,Aria,Ho,aria@techscanlabs.com,TRUE,2024-06-10T23:34:29Z
100000398,100000269,David,Lopez,david.lopez@datagurusolutions.com,TRUE,2024-06-10T09:01:37Z
100000399,100000270,Elise,Chou,elise.chou@datafluxtronics.com,TRUE,2024-06-10T14:09:32Z
100000400,100000132,Jasper,Baker,jasper.baker@aiquest.com,FALSE,2024-06-10T09:19:20Z
100000401,100000241,Henry,Cruz,henry.cruz@techdataalgorithmssystems.com,FALSE,2024-06-10T13:54:04Z
100000402,100000271,Mason,Patel,mason.patel@dataviziongroup.com,TRUE,2024-06-11T09:49:40Z
100000403,100000272,Liam,Lopez,liam.lopez@artificialmindco.com,TRUE,2024-06-11T12:13:37Z
100000404,100000273,Liam,Roberts,liam.roberts@emailomatics.com,TRUE,2024-06-11T09:44:45Z
100000405,100000274,Sofia,Han,sofia.han@techalystic.com,TRUE,2024-06-11T20:04:20Z
100000406,100000275,Scarlett,Bell,scarlett.bell@intellicorpsolutions.com,TRUE,2024-06-11T15:08:02Z
100000407,100000222,Nora,Wilson,nora.wilson@techsightco.com,FALSE,2024-06-11T18:42:00Z
100000408,100000179,Maya,Ramirez,maya.ramirez@datacog.tech,FALSE,2024-06-11T00:49:58Z
100000409,100000276,Mia,Rodriguez,mia.rodriguez@datascientific.com,TRUE,2024-06-12T16:14:13Z
100000410,100000277,Rory,Le,rory.le@datasciencelab.co,TRUE,2024-06-12T08:42:28Z
100000411,100000278,Isabella,Jenkins,isabellajenkins@cyberanalyze.com,TRUE,2024-06-12T23:11:22Z
100000412,100000005,Oliver,Hernandez,oliver.hernandez@datalyticspace.net,FALSE,2024-06-12T21:50:07Z
100000413,100000234,Dylan,Singh,dylan.singh@aiinsightech.com,FALSE,2024-06-12T18:58:51Z
100000414,100000279,Nora,Rossi,norarossi@truedatainsights.co,TRUE,2024-06-13T09:11:58Z
100000415,100000280,Owen,Harrison,owen.harrison@datalyzerpro.com,TRUE,2024-06-13T00:05:44Z
100000416,100000281,Grace,Murray,grace.murray@algorisys.com,TRUE,2024-06-13T14:19:26Z
100000417,100000282,Elizabeth,Lim,elizabeth_lim@analyticstorminc.com,TRUE,2024-06-13T01:45:33Z
100000418,100000057,Zara,Tan,zara.tan@techminds.co,FALSE,2024-06-13T18:46:43Z
100000419,100000097,Amelia,Vargas,amelia.vargas@techbyte.co,FALSE,2024-06-13T05:57:07Z
100000420,100000283,Penelope,Tran,penelope.tran@digimindworks.com,TRUE,2024-06-14T07:40:14Z
100000421,100000284,Nora,Cluster,nora.cluster@clustertechsolutions.com,TRUE,2024-06-14T14:09:47Z
100000422,100000285,Lucas,Tang,lucas.tang@analytechco.com,TRUE,2024-06-14T17:58:04Z
100000423,100000232,Zoe,Kumar,zoe.kumar@cyberdatahub.com,FALSE,2024-06-14T16:11:10Z
100000424,100000286,Natalie,Roberts,natalie.roberts@intellisolveai.com,TRUE,2024-06-15T19:26:30Z
100000425,100000287,Avery,Evans,avery.evans@datascientsolutions.com,TRUE,2024-06-15T11:10:18Z
100000426,100000288,Jack,Kim,jack.kim@datasciencetechies.com,TRUE,2024-06-15T18:32:07Z
100000427,100000289,Harper,Nightshade,hnightshade@techfusion.ai,TRUE,2024-06-15T10:06:24Z
100000428,100000290,Aaron,Gao,aaron.gao@datagenesisco.com,TRUE,2024-06-15T01:54:38Z
100000429,100000106,Eva,Murray,eva.murray@quantumdataco.com,FALSE,2024-06-15T20:47:43Z
100000430,100000052,Zoe,Bailey,zoe.bailey@dataspire.ai,FALSE,2024-06-15T08:20:24Z
100000431,100000291,Isaac,Lam,isaac.lam@insightmetrics.com,TRUE,2024-06-16T00:52:37Z
100000432,100000292,Hazel,Reyes,hazel.reyes@brainpowerai.com,TRUE,2024-06-16T01:11:13Z
100000433,100000293,Ella,Reyes,ella.reyes@dataspireonline.com,TRUE,2024-06-16T14:36:49Z
100000434,100000294,Elijah,Rogers,elijahrogers@bigdatasciences.com,TRUE,2024-06-16T07:35:14Z
100000435,100000295,Sara,Cheng,sara.cheng@intelliquantum.com,TRUE,2024-06-16T05:50:52Z
100000436,100000171,Sofia,Huynh,sofia.huynh@neuralenetiq.com,FALSE,2024-06-16T03:30:53Z
100000437,100000208,Sophie,Martin,sophie.martin@aifusion.co,FALSE,2024-06-16T04:11:25Z
100000438,100000296,Avery,Silva,avery.silva@cybermind.ai,TRUE,2024-06-17T04:42:46Z
100000439,100000297,Kai,Bao,kai.bao@algorithmxco.com,TRUE,2024-06-17T02:47:53Z
100000440,100000298,Zoe,Sullivan,zoe.sullivan@analytix.co,TRUE,2024-06-17T04:23:12Z
100000441,100000144,Ella,Brighton,ella.brighton@datatrendlabs.com,FALSE,2024-06-17T14:42:01Z
100000442,100000100,Adelaide,Ford,adelaide.ford@dataviewsolutions.com,FALSE,2024-06-17T02:41:57Z
100000443,100000299,Elijah,Diaz,elijah.diaz@futuretechvision.com,TRUE,2024-06-18T12:38:38Z
100000444,100000300,Claire,Ng,claire.ng@dataninja.io,TRUE,2024-06-18T04:13:39Z
100000445,100000301,Sophie,Ganesh,sophie.ganesh@datanalyticsia.com,TRUE,2024-06-18T08:06:41Z
100000446,100000302,Amelia,Harrison,amelia.harrison@techdatagroup.com,TRUE,2024-06-18T20:05:49Z
100000447,100000303,Jack,Diaz,jackdiaz@nextgenaiinc.com,TRUE,2024-06-18T10:41:05Z
100000448,100000065,Tyler,Clark,tyler.clark@datasynth.co,FALSE,2024-06-18T17:57:57Z
100000449,100000044,Piper,Han,piper.han@datavision.com,FALSE,2024-06-18T16:46:02Z
100000450,100000132,Ethan,Gardner,ethan.gardner@aiquest.com,FALSE,2024-06-18T12:56:47Z
100000451,100000304,Ivy,Taylor,ivy.taylor@techfusionworks.com,TRUE,2024-06-19T08:59:03Z
100000452,100000305,Ursula,Chow,ursulac@techintellects.com,TRUE,2024-06-19T16:13:53Z
100000453,100000306,Ethan,Chen,ethanc@automatedinsightsco.com,TRUE,2024-06-19T11:40:46Z
100000454,100000307,Owen,Wang,owen.wang@datamerge.com,TRUE,2024-06-19T22:30:33Z
100000455,100000308,Lucas,Lopez,lucas.lopez@analydev.com,TRUE,2024-06-19T17:08:03Z
100000456,100000159,Alexander,Fisher,alexander.fisher@datamergeco.com,FALSE,2024-06-19T01:13:54Z
100000457,100000309,Lucas,Rodriguez,lucas.rodriguez@datamerge.co,TRUE,2024-06-20T21:23:47Z
100000458,100000310,Leo,Gomez,leo.gomez@techalphaai.com,TRUE,2024-06-20T04:45:48Z
100000459,100000311,Grace,Singh,grace.singh@techmindset.com,TRUE,2024-06-20T12:23:05Z
100000460,100000312,Sofia,Tan,stan@dataguru.net,TRUE,2024-06-20T18:45:33Z
100000461,100000313,Miles,Tao,miles.tao@digitaldataworks.com,TRUE,2024-06-20T11:40:28Z
100000462,100000284,Sophia,Lam,sophia.lam@clustertechsolutions.com,FALSE,2024-06-20T13:50:54Z
100000463,100000054,Maxwell,Gray,maxwell.gray@infoquester.com,FALSE,2024-06-20T00:37:06Z
100000464,100000314,Sophia,Chang,sophiach@aiinventorscorp.com,TRUE,2024-06-21T10:17:26Z
100000465,100000315,Emma,Smith,emma.smith@datavisionarycorp.com,TRUE,2024-06-21T10:51:16Z
100000466,100000316,Liam,Martinez,liam.martinez@techdatasolutions.com,TRUE,2024-06-21T12:39:40Z
100000467,100000266,Ella,Roberts,ella.roberts@datathrivegroup.com,FALSE,2024-06-21T08:02:19Z
100000468,100000126,Milo,Chen,milo.chen@analyzeitgroup.com,FALSE,2024-06-21T02:42:15Z
100000469,100000317,Lydia,Ma,lydia.ma@techvisionary.co,TRUE,2024-06-22T15:15:59Z
100000470,100000318,Damian,Rajagopal,damian.rajagopal@statisticalinsightco.com,TRUE,2024-06-22T14:58:57Z
100000471,100000319,Ella,Mills,ellamills@cloudtechlabs.net,TRUE,2024-06-22T22:24:44Z
100000472,100000320,Lincoln,Srivastava,lincoln.srivastava@algorise.com,TRUE,2024-06-22T10:28:19Z
100000473,100000150,Tyler,Santos,tyler.santos@analyzifyco.com,FALSE,2024-06-22T20:07:41Z
100000474,100000122,Maya,Cook,maya.cook@analyticgen.com,FALSE,2024-06-22T12:11:31Z
100000475,100000321,Madison,Scott,madison.scott@datameshtechnologies.com,TRUE,2024-06-23T21:57:35Z
100000476,100000322,Owen,Kumar,owen.kumar@mindseeai.com,TRUE,2024-06-23T06:44:04Z
100000477,100000323,Sofia,Tian,sofia.tian@dataquestcorporation.com,TRUE,2024-06-23T10:46:15Z
100000478,100000324,Olivia,Brown,olivia.brown@dataviztechsolutions.com,TRUE,2024-06-23T18:16:33Z
100000479,100000299,Aria,Murphy,aria.murphy@futuretechvision.com,FALSE,2024-06-23T04:24:19Z
100000480,100000117,Zoey,Tang,zoey.tang@datalasersystems.com,FALSE,2024-06-23T05:10:45Z
100000481,100000325,Harper,Wang,harper.wang@datalogix.ai,TRUE,2024-06-24T15:00:10Z
100000482,100000326,Hazel,Innovate,hazel.innovate@innovatetechlabs.com,TRUE,2024-06-24T02:42:23Z
100000483,100000327,Natalie,Shaw,natalies@dataquestersinc.com,TRUE,2024-06-24T04:11:04Z
100000484,100000328,Ryder,Singh,ryder.singh@empoweranalytics.com,TRUE,2024-06-24T14:03:22Z
100000485,100000256,Logan,Wu,logan.wu@analyticalliance.com,FALSE,2024-06-24T13:32:11Z
100000486,100000244,Emma,Yuan,emma.yuan@codecrafters.com,FALSE,2024-06-24T14:05:13Z
100000487,100000329,Mateo,Li,mateo.li@datariseinc.com,TRUE,2024-06-25T02:34:06Z
100000488,100000330,Madison,Ooi,madison.ooi@analyticaccelerate.com,TRUE,2024-06-25T06:42:30Z
100000489,100000331,Ava,Liu,ava.liu@bigdatasquad.co,TRUE,2024-06-25T19:43:28Z
100000490,100000272,Mason,Turner,mason.turner@artificialmindco.com,FALSE,2024-06-25T11:52:04Z
100000491,100000094,Sophie,Nguyen,sophie.nguyen@techbyte.com,FALSE,2024-06-25T06:07:41Z
100000492,100000332,Amara,Tran,amara.tran@datahorizonlab.com,TRUE,2024-06-26T11:04:10Z
100000493,100000333,Nora,Huang,nora.huang@techlabworks.com,TRUE,2024-06-26T08:01:44Z
100000494,100000334,Skylar,Hill,skylar.hill@smarttechco.com,TRUE,2024-06-26T17:38:49Z
100000495,100000335,Makayla,Patel,makayla.patel@datalyticspros.com,TRUE,2024-06-26T01:59:09Z
100000496,100000115,Evelyn,Davis,evelyn.davis@datalytica.com,FALSE,2024-06-26T21:08:37Z
100000497,100000280,Mia,Brown,mia.brown@datalyzerpro.com,FALSE,2024-06-26T18:02:01Z
100000498,100000336,Michael,Gupta,michael.gupta@datadotorg.org,TRUE,2024-06-27T20:38:41Z
100000499,100000337,Parker,Sullivan,parker.sullivan@datagraminstitute.com,TRUE,2024-06-27T05:39:01Z
100000500,100000338,Blaze,Iyer,blaze.iyer@innovatechsol.com,TRUE,2024-06-26T23:48:37Z
100000501,100000054,Naomi,Kim,naomi.kim@infoquester.com,FALSE,2024-06-27T22:40:15Z
100000502,100000046,Ella,Truong,ella.truong@quantumanalytica.com,FALSE,2024-06-27T04:49:39Z
100000503,100000339,James,Wilson,jameswilson85@techdatafusion.com,TRUE,2024-06-28T06:35:08Z
100000504,100000340,Grace,Wilson,gwilson@intellidatacorp.com,TRUE,2024-06-28T16:03:41Z
100000505,100000341,Lara,Chen,lara.chen@aiexpertsolutions.com,TRUE,2024-06-28T18:22:26Z
100000506,100000342,Olivia,Anderson,olivia.anderson@aiwonders.com,TRUE,2024-06-28T03:53:11Z
100000507,100000021,Nina,Kumar,nina.kumar@cloudalgorithmics.com,FALSE,2024-06-28T00:47:21Z
100000508,100000268,Emily,Sullivan,emily.sullivan@techscanlabs.com,FALSE,2024-06-28T16:45:54Z
100000509,100000343,Isabella,Anderson,isabella.anderson@datasculptors.org,TRUE,2024-06-29T22:33:01Z
100000510,100000344,Ella,Smith,ella.smith@datawise.com,TRUE,2024-06-29T18:10:59Z
100000511,100000345,Benjamin,Sharma,benjamin.sharma@datascistrategics.com,TRUE,2024-06-29T04:35:38Z
100000512,100000346,Ben,Nguyen,bennguyen@datawise.org,TRUE,2024-06-29T10:24:15Z
100000513,100000064,Logan,Green,logan.green@analytitechcorp.com,FALSE,2024-06-29T10:02:50Z
100000514,100000198,Sarah,Davis,sarah.davis@datawaveinnovate.com,FALSE,2024-06-29T21:23:16Z
100000515,100000347,Zara,Garcia,zara.garcia@datafusioninsights.io,TRUE,2024-06-30T23:06:16Z
100000516,100000348,Nyx,Hsu,nyx.hsu@neurodataco.com,TRUE,2024-06-30T12:57:54Z
100000517,100000349,Muhammad,Singh,muhammad.singh@infinitiinsightsco.com,TRUE,2024-06-30T10:01:56Z
100000518,100000350,William,Scott,william.scott@dataxprtsgroup.com,TRUE,2024-06-30T08:39:26Z
100000519,100000281,James,Gao,james.gao@algorisys.com,FALSE,2024-06-30T02:55:33Z
100000520,100000216,Max,Lin,max.lin@geniusdataai.com,FALSE,2024-06-30T22:32:04Z
100000521,100000351,Grace,Liu,graceliu@datadivein.net,TRUE,2024-07-01T22:47:35Z
100000522,100000352,Elijah,Chin,elijah.chin@neurondrive.com,TRUE,2024-07-01T15:36:33Z
100000523,100000353,Xavier,Quan,xavier.quan@datasolv.net,TRUE,2024-07-01T09:01:36Z
100000524,100000354,David,Keller,david.keller@databurst.com,TRUE,2024-07-01T15:12:16Z
100000525,100000133,Orion,Kwok,orion.kwok@quantumtechs.io,FALSE,2024-07-01T19:47:34Z
100000526,100000067,Ivy,Kumar,ivy.kumar@techdatabiz.com,FALSE,2024-07-01T19:33:12Z
100000527,100000355,William,Adams,william.adams@datasparktech.com,TRUE,2024-07-02T03:46:29Z
100000528,100000356,Mia,Thompson,mia.thompson@cybernetixinc.tech,TRUE,2024-07-02T15:28:42Z
100000529,100000357,Benjamin,Stewart,benjamin.stewart@technoinsights.com,TRUE,2024-07-02T08:33:27Z
100000530,100000358,Gabriel,Patel,gabriel.patel@analyticlabsinc.com,TRUE,2024-07-02T01:40:38Z
100000531,100000250,Elijah,Choi,elijah.choi@datawaveco.com,FALSE,2024-07-02T09:39:59Z
100000532,100000216,Isla,Crawford,isla.crawford@geniusdataai.com,FALSE,2024-07-02T21:35:02Z
100000533,100000359,Harper,Brown,harperbrown@datamavenworks.com,TRUE,2024-07-03T01:55:48Z
100000534,100000360,Emma,Jones,emma.jones@sciencedriveinc.com,TRUE,2024-07-03T18:03:28Z
100000535,100000361,Owen,Lu,owenlu@datavibesinc.com,TRUE,2024-07-03T21:55:07Z
100000536,100000042,Ava,Chen,ava.chen@techquestco.com,FALSE,2024-07-03T17:06:43Z
100000537,100000039,Rachel,York,rachel.york@datasciencetech.com,FALSE,2024-07-03T11:38:38Z
100000538,100000362,Sebastian,Vaughn,sebastian.vaughn@techflow.com,TRUE,2024-07-04T14:47:40Z
100000539,100000363,Colin,Sato,colin.sato@datavortexsys.com,TRUE,2024-07-04T19:19:16Z
100000540,100000364,Ethan,Morris,ethanmorris@datamindscape.com,TRUE,2024-07-04T16:03:36Z
100000541,100000133,Leia,Thomas,leia.thomas@quantumtechs.io,FALSE,2024-07-04T17:34:19Z
100000542,100000257,Max,Chang,max.chang@techlogic.com,FALSE,2024-07-04T14:54:23Z
100000543,100000365,Alexander,Chung,achung@technoventuresco.com,TRUE,2024-07-05T06:13:06Z
100000544,100000366,Nolan,Data,nolan.data@datageeks.com,TRUE,2024-07-05T00:39:05Z
100000545,100000367,Ariana,Tran,ariana.tran@techanalytixgroup.com,TRUE,2024-07-05T03:22:20Z
100000546,100000368,Mia,Gonzalez,miagonzalez@techdatalynx.com,TRUE,2024-07-05T09:12:31Z
100000547,100000369,Liam,Wong,liamw@innovatehub.com,TRUE,2024-07-05T11:13:25Z
100000548,100000176,Henry,Wright,henry.wright@datasolve.com,FALSE,2024-07-05T03:06:37Z
100000549,100000355,Liam,Murray,liam.murray@datasparktech.com,FALSE,2024-07-05T03:15:27Z
100000550,100000370,Emma,Patel,epatel@datascienceminds.com,TRUE,2024-07-06T19:56:56Z
100000551,100000371,Violet,Rivera,violet.rivera@datasciencewave.com,TRUE,2024-07-06T17:00:17Z
100000552,100000372,Zara,Rayne,z.rayne@braindata.com,TRUE,2024-07-06T21:15:30Z
100000553,100000373,Julian,Malik,julian.malik@dataspotter.ai,TRUE,2024-07-06T21:20:35Z
100000554,100000024,Elizabeth,Baker,elizabeth.baker@datadroids.com,FALSE,2024-07-06T20:53:09Z
100000555,100000331,Sophia,Brown,sophia.brown@bigdatasquad.co,FALSE,2024-07-06T14:33:02Z
100000556,100000374,Delilah,Sharma,delilah.sharma@datadreamersinc.com,TRUE,2024-07-07T18:05:35Z
100000557,100000375,Harper,Rogers,harper.rogers@algorithmictech.com,TRUE,2024-07-07T19:50:53Z
100000558,100000376,Simon,Raj,simonraj@techstratadata.com,TRUE,2024-07-07T04:32:43Z
100000559,100000377,Julian,Wang,julian.wang@analyzera.com,TRUE,2024-07-07T19:58:57Z
100000560,100000156,Jack,Fisher,jack.fisher@datacogroup.com,FALSE,2024-07-07T06:10:15Z
100000561,100000009,Skylar,Torres,skylar.torres@technovatecorp.com,FALSE,2024-07-07T17:38:59Z
100000562,100000378,Jacob,Kaur,jacob.kaur@datalyfting.ai,TRUE,2024-07-08T00:48:03Z
100000563,100000379,Madison,Rao,madison.rao@techbeam.com,TRUE,2024-07-08T16:39:34Z
100000564,100000380,Ella,Zhou,ella.zhou@quantumquesttech.com,TRUE,2024-07-08T02:38:38Z
100000565,100000381,Grace,Chung,gchung@datagraniteco.com,TRUE,2024-07-08T03:46:27Z
100000566,100000303,John,Liu,john.liu@nextgenaiinc.com,FALSE,2024-07-08T21:52:18Z
100000567,100000033,Charlie,Hayes,charlie.hayes@datamindsinc.com,FALSE,2024-07-08T08:37:45Z
100000568,100000382,Nova,Pierce,nova.pierce@aiinfinitelab.biz,TRUE,2024-07-09T14:08:48Z
100000569,100000383,Ava,Patel,ava.patel@stellardata.ai,TRUE,2024-07-09T22:47:47Z
100000570,100000384,Sophia,Evans,sophia.evans@cyberdataworks.com,TRUE,2024-07-09T02:27:16Z
100000571,100000385,Aria,Chow,ariachow@techinsightcorp.com,TRUE,2024-07-09T19:04:21Z
100000572,100000156,Scarlett,Koh,scarlett.koh@datacogroup.com,FALSE,2024-07-09T14:55:49Z
100000573,100000251,Jack,Parker,jack.parker@cogntechgroup.com,FALSE,2024-07-09T14:54:30Z
100000574,100000386,Aria,Luo,arialuo@insightopia.com,TRUE,2024-07-10T12:18:07Z
100000575,100000387,Clara,Young,clarayoung@innovadatasolutions.com,TRUE,2024-07-10T00:16:23Z
100000576,100000388,Taylor,Cameron,taylor.cameron@techdatasysco.com,TRUE,2024-07-10T17:37:55Z
100000577,100000389,Lucas,Garcia,lucasgarcia@infotechvision.com,TRUE,2024-07-10T06:48:18Z
100000578,100000214,Orion,Chowdhury,orion.chowdhury@techbeam.io,FALSE,2024-07-10T15:12:14Z
100000579,100000319,Clara,Nguyen,clara.nguyen@cloudtechlabs.net,FALSE,2024-07-10T17:57:31Z
100000580,100000390,Benjamin,Adams,benjamin.adams@datasparkline.com,TRUE,2024-07-11T06:40:30Z
100000581,100000391,Ava,Wilson,ava.wilson@infomatics.ai,TRUE,2024-07-11T03:53:50Z
100000582,100000392,Oscar,Wu,oscar.wu@automlinc.com,TRUE,2024-07-11T11:16:23Z
100000583,100000299,Henry,Neural,henry.neural@futuretechvision.com,FALSE,2024-07-11T01:07:22Z
100000584,100000062,Eli,Wang,eli.wang@algorithma.com,FALSE,2024-07-11T08:27:44Z
100000585,100000393,Jaxon,Ward,j.ward@techwave.co,TRUE,2024-07-12T05:45:39Z
100000586,100000394,Vincent,Ho,vincent.ho@datavigorai.com,TRUE,2024-07-12T15:38:25Z
100000587,100000395,Ayla,Ramirez,ayla.ramirez@datafusiontech.io,TRUE,2024-07-12T08:11:55Z
100000588,100000047,Lucas,Zhang,lucas.zhang@datavisionix.com,FALSE,2024-07-12T10:46:16Z
100000589,100000251,James,Chen,james.chen@cogntechgroup.com,FALSE,2024-07-12T17:55:58Z
100000590,100000396,Luna,Santos,luna.santos@datavaulttech.com,TRUE,2024-07-13T00:55:53Z
100000591,100000397,Elena,Wang,elena.wang@datatechgroup.com,TRUE,2024-07-13T16:56:10Z
100000592,100000398,Aiden,Ng,a.ng@innovativedatainsights.com,TRUE,2024-07-13T20:21:01Z
100000593,100000399,Sophie,Garcia,sophie.garcia@aiinfinite.co,TRUE,2024-07-13T12:34:06Z
100000594,100000136,Max,Huang,max.huang@datatechvision.com,FALSE,2024-07-13T19:30:18Z
100000595,100000186,Sebastian,Patel,sebastian.patel@newtechinsight.com,FALSE,2024-07-13T20:44:49Z
